date,收盘价(前复权)(元),股息率(Tushare)(%),十年,股债性价比,温度计
2018-01-02,5.1000,1.8204,3.9008,0.4667,84.5389
2018-01-03,5.1400,1.8072,3.9162,0.4615,84.9807
2018-01-04,5.2300,1.7751,3.9319,0.4515,85.6985
2018-01-05,5.1500,1.8051,3.9212,0.4603,85.0911
2018-01-08,5.1300,1.8116,3.9110,0.4632,84.8150
2018-01-09,5.1300,1.8116,3.8909,0.4656,84.6494
2018-01-10,5.1200,1.8160,3.9201,0.4633,84.7598
2018-01-11,5.0700,1.8315,3.9546,0.4631,84.8702
2018-01-12,5.0400,1.8450,3.9337,0.4690,84.4285
2018-01-15,4.9100,1.8939,3.9650,0.4777,83.6554
2018-01-16,4.9400,1.8797,3.9596,0.4747,83.9315
2018-01-17,5.1500,1.8029,3.9597,0.4553,85.4224
2018-01-18,5.4100,1.7182,3.9797,0.4317,86.1403
2018-01-19,5.9500,1.5625,3.9754,0.3930,87.0790
2018-01-22,5.6500,1.6447,3.9522,0.4161,86.4163
2018-01-23,5.8200,1.5957,3.9414,0.4049,86.5820
2018-01-24,5.7100,1.6287,3.9507,0.4123,86.4716
2018-01-25,5.5300,1.6816,3.9435,0.4264,86.1955
2018-01-26,5.6200,1.6538,3.9365,0.4201,86.3611
2018-01-29,5.4200,1.7143,3.9368,0.4355,86.0850
2018-01-30,5.5600,1.6722,3.9292,0.4256,86.2507
2018-01-31,5.6100,1.6575,3.9140,0.4235,86.3059
2018-02-01,5.0500,1.8405,3.9066,0.4711,84.2076
2018-02-02,5.0100,1.8564,3.9092,0.4749,83.8763
2018-02-05,5.1400,1.8072,3.9167,0.4614,85.0359
2018-02-06,5.0200,1.8519,3.8825,0.4770,83.7107
2018-02-07,5.0900,1.8270,3.8700,0.4721,84.0972
2018-02-08,5.0000,1.8587,3.8801,0.4790,83.6002
2018-02-09,4.6600,1.9947,3.8800,0.5141,81.0602
2018-02-12,4.7100,1.9737,3.8750,0.5093,81.3363
2018-02-13,4.7100,1.9737,3.8700,0.5100,81.2811
2018-02-14,4.7000,1.9763,3.8702,0.5106,81.2258
2018-02-22,4.7900,1.9405,3.8752,0.5007,81.6676
2018-02-23,4.8300,1.9255,3.8702,0.4975,82.1093
2018-02-26,4.9400,1.8821,3.8452,0.4895,82.9928
2018-02-27,4.9100,1.8916,3.8201,0.4952,82.3854
2018-02-28,4.8600,1.9108,3.8202,0.5002,81.7780
2018-03-01,4.9000,1.8963,3.8201,0.4964,82.2750
2018-03-02,4.9100,1.8916,3.8352,0.4932,82.7167
2018-03-05,4.8700,1.9084,3.8453,0.4963,82.3302
2018-03-06,4.9200,1.8892,3.8253,0.4939,82.6063
2018-03-07,4.8900,1.9011,3.8203,0.4976,82.0541
2018-03-08,4.8800,1.9060,3.8203,0.4989,81.8885
2018-03-09,4.9100,1.8939,3.8278,0.4948,82.4959
2018-03-12,4.9700,1.8703,3.8243,0.4891,83.0480
2018-03-13,4.9400,1.8797,3.8362,0.4900,82.9376
2018-03-14,4.8400,1.9206,3.8413,0.5000,81.8332
2018-03-15,4.6600,1.9920,3.8257,0.5207,80.7289
2018-03-16,4.6500,1.9973,3.8154,0.5235,80.5080
2018-03-19,4.6600,1.9947,3.8104,0.5235,80.4528
2018-03-20,4.6700,1.9894,3.7906,0.5248,80.2871
2018-03-21,4.6500,2.0000,3.7630,0.5315,79.7902
2018-03-22,4.6000,2.0188,3.7480,0.5386,79.3484
2018-03-23,4.2500,2.1866,3.7005,0.5909,72.8327
2018-03-26,4.2900,2.1645,3.7307,0.5802,74.2684
2018-03-27,4.3600,2.1337,3.7432,0.5700,75.1518
2018-03-28,4.4600,2.0833,3.7406,0.5569,77.3054
2018-03-29,4.4700,2.0804,3.7456,0.5554,77.4710
2018-03-30,4.4500,2.0862,3.7407,0.5577,77.2501
2018-04-02,4.4200,2.1008,3.7357,0.5624,76.3666
2018-04-03,4.3600,2.1307,3.7507,0.5681,75.5936
2018-04-04,4.3900,2.1186,3.7234,0.5690,75.4279
2018-04-09,4.3900,2.1157,3.6959,0.5724,74.9310
2018-04-10,4.4700,2.0804,3.7159,0.5599,76.8084
2018-04-11,4.4700,2.0804,3.7109,0.5606,76.5875
2018-04-12,4.4000,2.1097,3.7109,0.5685,75.4832
2018-04-13,4.3700,2.1246,3.7062,0.5733,74.8758
2018-04-16,4.3100,2.1583,3.6561,0.5903,72.9431
2018-04-17,4.2800,2.1708,3.6512,0.5945,72.4462
2018-04-18,4.3500,2.1368,3.5013,0.6103,69.6853
2018-04-19,4.3200,2.1521,3.5064,0.6138,69.0226
2018-04-20,4.2100,2.2091,3.5215,0.6273,67.9735
2018-04-23,4.1600,2.2355,3.6019,0.6206,68.1391
2018-04-24,4.2500,2.1866,3.5855,0.6098,69.7957
2018-04-25,4.2100,2.2091,3.6118,0.6116,69.1883
2018-04-26,4.1300,2.2489,3.6344,0.6188,68.4152
2018-04-27,4.1500,2.2388,3.6364,0.6157,68.8570
2018-05-02,4.1700,2.2288,3.6665,0.6079,70.2374
2018-05-03,4.1900,2.2189,3.6467,0.6085,70.1270
2018-05-04,4.1300,2.2489,3.6319,0.6192,68.3048
2018-05-07,4.1900,2.2157,3.6518,0.6067,70.3479
2018-05-08,4.2100,2.2059,3.6922,0.5974,71.9492
2018-05-09,4.1800,2.2222,3.7074,0.5994,71.3970
2018-05-10,4.2200,2.2026,3.6924,0.5965,72.0596
2018-05-11,4.1900,2.2157,3.6882,0.6008,71.2866
2018-05-14,4.2100,2.2091,3.6937,0.5981,71.7283
2018-05-15,4.1900,2.2157,3.7151,0.5964,72.1149
2018-05-16,4.1600,2.2321,3.7076,0.6020,71.0657
2018-05-17,4.1600,2.2355,3.7120,0.6022,70.9553
2018-05-18,4.1900,2.2189,3.7099,0.5981,71.6179
2018-05-21,4.2300,2.1994,3.6939,0.5954,72.2805
2018-05-22,4.2600,2.2157,3.6700,0.6037,70.6792
2018-05-23,4.2100,2.2422,3.6400,0.6160,68.8018
2018-05-24,4.1900,2.2489,3.6501,0.6161,68.7465
2018-05-25,4.1600,2.2693,3.6126,0.6282,67.9183
2018-05-28,4.0700,2.3184,3.6101,0.6422,67.8631
2018-05-29,4.0200,2.3438,3.6001,0.6510,67.8078
2018-05-30,3.9000,2.4155,3.5976,0.6714,67.3661
2018-05-31,3.9700,2.3772,3.6129,0.6580,67.5870
2018-06-01,3.9200,2.4077,3.6202,0.6651,67.4765
2018-06-04,3.9000,2.4194,3.6532,0.6623,67.5318
2018-06-05,3.9400,2.3923,3.6602,0.6536,67.7526
2018-06-06,3.9300,2.4000,3.6602,0.6557,67.6422
2018-06-07,3.9300,2.4000,3.6702,0.6539,67.6974
2018-06-08,3.8200,2.4671,3.6453,0.6768,67.3109
2018-06-11,3.8000,2.4793,3.6502,0.6792,67.2557
2018-06-12,3.8300,2.4631,3.6853,0.6684,67.4213
2018-06-13,3.7100,2.5424,3.6627,0.6941,67.2004
2018-06-14,3.7100,2.5424,3.6227,0.7018,67.1452
2018-06-15,3.6900,2.5554,3.6028,0.7093,67.0900
2018-06-19,3.3800,2.7881,3.5603,0.7831,62.7278
2018-06-20,3.4100,2.7675,3.6054,0.7676,63.7217
2018-06-21,3.3600,2.8037,3.5753,0.7842,62.6726
2018-06-22,3.4100,2.7675,3.5604,0.7773,63.2247
2018-06-25,3.3800,2.7933,3.5803,0.7802,62.8382
2018-06-26,3.4100,2.7675,3.5804,0.7730,63.3904
2018-06-27,3.5000,2.6978,3.5529,0.7593,64.4948
2018-06-28,3.4500,2.7322,3.5304,0.7739,63.2800
2018-06-29,3.5300,2.6690,3.4756,0.7679,63.6665
2018-07-02,3.4400,2.7422,3.4668,0.7910,61.9547
2018-07-03,3.5100,2.6882,3.4955,0.7690,63.5560
2018-07-04,3.5100,2.6834,3.5107,0.7643,63.8874
2018-07-05,3.4200,2.7574,3.5005,0.7877,62.2308
2018-07-06,3.4300,2.7473,3.5259,0.7792,62.8934
2018-07-09,3.5300,2.6690,3.5432,0.7533,65.1574
2018-07-10,3.5100,2.6834,3.5431,0.7574,64.6604
2018-07-11,3.4100,2.7624,3.5107,0.7869,62.3412
2018-07-12,3.5100,2.6834,3.5158,0.7632,64.0530
2018-07-13,3.4800,2.7125,3.4858,0.7782,63.1143
2018-07-16,3.4300,2.7523,3.4808,0.7907,62.0099
2018-07-17,3.4500,2.7372,3.4808,0.7864,62.3965
2018-07-18,3.4100,2.7624,3.4708,0.7959,61.8443
2018-07-19,3.3800,2.7933,3.4409,0.8118,61.5682
2018-07-20,3.7200,2.5381,3.5135,0.7224,66.8691
2018-07-23,3.7200,2.5338,3.5186,0.7201,66.9796
2018-07-24,3.6800,2.5597,3.5615,0.7187,67.0348
2018-07-25,3.6700,2.5729,3.5614,0.7224,66.8139
2018-07-26,3.6100,2.6132,3.5361,0.7390,66.3170
2018-07-27,3.6000,2.6178,3.5212,0.7434,66.0409
2018-07-30,3.6100,2.6132,3.5213,0.7421,66.2065
2018-07-31,3.6800,2.5641,3.4812,0.7366,66.4826
2018-08-01,3.5600,2.6455,3.4638,0.7638,63.9978
2018-08-02,3.4900,2.7027,3.4713,0.7786,63.0039
2018-08-03,3.4700,2.7174,3.4567,0.7861,62.4517
2018-08-06,3.4900,2.7027,3.4568,0.7819,62.7830
2018-08-07,3.5800,2.6316,3.4876,0.7546,64.9917
2018-08-08,3.5200,2.6786,3.5222,0.7605,64.4395
2018-08-09,3.5800,2.6362,3.5476,0.7431,66.1513
2018-08-10,3.5700,2.6408,3.5525,0.7434,66.0961
2018-08-13,3.5300,2.6690,3.5826,0.7450,65.8752
2018-08-14,3.5300,2.6690,3.5519,0.7514,65.3230
2018-08-15,3.4500,2.7322,3.5829,0.7626,64.2187
2018-08-16,3.4800,2.7076,3.6141,0.7492,65.5991
2018-08-17,3.4200,2.7574,3.6524,0.7550,64.8813
2018-08-20,3.4600,2.7223,3.6326,0.7494,65.5439
2018-08-21,3.4900,2.7027,3.6300,0.7445,65.9304
2018-08-22,3.4600,2.7223,3.6075,0.7546,64.9365
2018-08-23,3.4800,2.7076,3.6101,0.7500,65.4335
2018-08-24,3.5500,2.6549,3.6278,0.7318,66.6483
2018-08-27,3.5600,2.6502,3.6303,0.7300,66.7035
2018-08-28,3.5400,2.6643,3.6101,0.7380,66.3998
2018-08-29,3.5400,2.6643,3.6101,0.7380,66.3998
2018-08-30,3.5100,2.6833,3.5801,0.7495,65.4887
2018-08-31,3.5000,2.6930,3.5751,0.7533,65.2126
2018-09-03,3.4800,2.7124,3.5951,0.7545,65.0469
2018-09-04,3.5000,2.6930,3.6101,0.7460,65.7648
2018-09-05,3.4500,2.7372,3.6101,0.7582,64.6052
2018-09-06,3.4200,2.7573,3.6101,0.7638,63.9426
2018-09-07,3.4300,2.7472,3.6301,0.7568,64.7156
2018-09-10,3.3900,2.7829,3.6551,0.7614,64.3291
2018-09-11,3.4000,2.7726,3.6751,0.7544,65.1022
2018-09-12,3.4100,2.7624,3.6551,0.7558,64.8261
2018-09-13,3.4300,2.7472,3.6526,0.7521,65.2678
2018-09-14,3.4000,2.7726,3.6351,0.7627,64.1082
2018-09-17,3.3600,2.8089,3.6327,0.7732,63.3352
2018-09-18,3.4000,2.7726,3.6452,0.7606,64.3843
2018-09-19,3.4200,2.7573,3.6727,0.7508,65.3782
2018-09-20,3.4200,2.7573,3.7003,0.7452,65.8200
2018-09-21,3.5500,2.6548,3.6752,0.7224,66.9244
2018-09-25,3.4900,2.7027,3.6754,0.7353,66.5930
2018-09-26,3.4900,2.7027,3.6503,0.7404,66.2617
2018-09-27,3.4400,2.7422,3.6253,0.7564,64.7708
2018-09-28,3.4900,2.7027,3.6153,0.7476,65.6543
2018-10-08,3.4000,2.7777,3.6155,0.7683,63.6113
2018-10-09,3.4100,2.7674,3.6156,0.7654,63.8321
2018-10-10,3.4200,2.7573,3.6156,0.7626,64.1634
2018-10-11,3.1600,2.9820,3.5806,0.8328,61.0712
2018-10-12,3.1800,2.9643,3.5831,0.8273,61.1817
2018-10-15,3.1300,3.0120,3.5857,0.8400,60.9056
2018-10-16,3.1100,3.0302,3.5757,0.8474,60.7951
2018-10-17,3.1500,2.9939,3.5807,0.8361,61.0160
2018-10-18,2.9900,3.1578,3.5508,0.8893,59.9117
2018-10-19,3.0600,3.0863,3.5658,0.8655,60.2430
2018-10-22,3.2700,2.8845,3.5910,0.8033,61.7338
2018-10-23,3.1900,2.9527,3.5709,0.8269,61.2369
2018-10-24,3.4000,2.7777,3.5409,0.7845,62.5621
2018-10-25,3.5100,2.6881,3.5409,0.7592,64.5500
2018-10-26,3.3800,2.7880,3.5410,0.7873,62.2860
2018-10-29,3.3100,2.8462,3.5111,0.8106,61.6786
2018-10-30,3.4200,2.7573,3.5161,0.7842,62.6173
2018-10-31,3.4000,2.7726,3.5086,0.7902,62.0652
2018-11-01,3.3900,2.7828,3.4936,0.7965,61.7891
2018-11-02,3.6700,2.5728,3.5461,0.7255,66.7587
2018-11-05,3.6300,2.5996,3.5312,0.7362,66.5378
2018-11-06,3.6000,2.6223,3.5113,0.7468,65.7096
2018-11-07,3.5300,2.6690,3.4813,0.7667,63.7769
2018-11-08,3.5200,2.6785,3.4813,0.7694,63.5008
2018-11-09,3.4900,2.7026,3.4763,0.7774,63.1695
2018-11-12,3.5100,2.6833,3.4865,0.7696,63.4456
2018-11-13,3.5600,2.6454,3.4740,0.7615,64.2739
2018-11-14,3.5000,2.6978,3.4218,0.7884,62.1756
2018-11-15,3.5700,2.6408,3.3915,0.7787,62.9486
2018-11-16,3.6200,2.6086,3.3515,0.7783,63.0591
2018-11-19,3.7500,2.5125,3.3772,0.7440,65.9856
2018-11-20,3.5400,2.6642,3.3771,0.7889,62.1204
2018-11-21,3.5600,2.6501,3.3716,0.7860,62.5069
2018-11-22,3.5100,2.6833,3.3917,0.7911,61.8995
2018-11-23,3.3800,2.7880,3.3917,0.8220,61.3473
2018-11-26,3.4000,2.7777,3.4151,0.8134,61.5130
2018-11-27,3.3900,2.7828,3.4000,0.8185,61.4578
2018-11-28,3.4500,2.7322,3.3700,0.8107,61.6234
2018-11-29,3.3400,2.8248,3.3600,0.8407,60.8504
2018-11-30,3.3600,2.8089,3.3550,0.8372,60.9608
2018-12-03,3.4400,2.7421,3.3500,0.8185,61.4025
2018-12-04,3.4500,2.7322,3.3050,0.8267,61.2921
2018-12-05,3.3900,2.7828,3.2750,0.8497,60.6295
2018-12-06,3.3300,2.8354,3.2751,0.8657,60.1877
2018-12-07,3.3400,2.8195,3.2853,0.8582,60.5191
2018-12-10,3.3100,2.8516,3.2678,0.8726,60.0773
2018-12-11,3.3600,2.8089,3.2652,0.8603,60.3534
2018-12-12,3.3600,2.8089,3.2703,0.8589,60.4638
2018-12-13,3.4000,2.7726,3.3311,0.8323,61.1264
2018-12-14,3.3000,2.8571,3.3468,0.8537,60.5743
2018-12-17,3.3000,2.8571,3.3713,0.8475,60.6847
2018-12-18,3.3000,2.8571,3.3714,0.8475,60.7399
2018-12-19,3.2800,2.8735,3.3412,0.8600,60.4086
2018-12-20,3.2800,2.8790,3.3003,0.8723,60.1325
2018-12-21,3.2400,2.9125,3.3168,0.8781,60.0221
2018-12-24,3.2700,2.8845,3.3483,0.8615,60.2982
2018-12-25,3.2100,2.9411,3.3113,0.8882,59.9669
2018-12-26,3.1800,2.9643,3.3011,0.8980,59.8564
2018-12-27,3.1600,2.9820,3.2709,0.9117,59.8012
2018-12-28,3.1900,2.9527,3.2315,0.9137,59.7460
2019-01-02,3.1800,1.9762,3.1734,0.6227,68.0287
2019-01-03,3.2300,1.9455,3.1410,0.6194,68.2496
2019-01-04,3.3800,1.8621,3.1513,0.5909,72.7775
2019-01-07,3.3800,1.8621,3.1507,0.5910,72.7223
2019-01-08,3.3400,1.8796,3.1211,0.6022,71.0105
2019-01-09,3.3500,1.8761,3.1106,0.6031,70.8448
2019-01-10,3.3200,1.8939,3.1006,0.6108,69.4644
2019-01-11,3.3300,1.8903,3.1058,0.6086,70.0166
2019-01-14,3.3000,1.9047,3.1297,0.6086,70.0718
2019-01-15,3.3500,1.8761,3.1383,0.5978,71.8388
2019-01-16,3.3100,1.8975,3.0745,0.6172,68.6913
2019-01-17,3.3100,1.9011,3.0760,0.6180,68.5257
2019-01-18,3.3300,1.8867,3.0910,0.6104,69.6300
2019-01-21,3.3100,1.8975,3.1037,0.6114,69.2987
2019-01-22,3.2600,1.9267,3.1071,0.6201,68.1944
2019-01-23,3.2600,1.9267,3.1190,0.6177,68.6361
2019-01-24,3.2800,1.9156,3.1338,0.6113,69.3539
2019-01-25,3.2900,1.9120,3.1398,0.6090,69.9613
2019-01-28,3.2900,1.9120,3.1397,0.6090,69.9061
2019-01-29,3.2600,1.9304,3.1246,0.6178,68.5809
2019-01-30,3.2500,1.9342,3.1151,0.6209,68.0839
2019-01-31,3.2800,1.9193,3.1037,0.6184,68.4705
2019-02-01,3.3300,1.8903,3.1032,0.6091,69.8509
2019-02-11,3.3600,1.8726,3.0670,0.6106,69.5748
2019-02-12,3.3700,1.8656,3.0748,0.6067,70.4031
2019-02-13,3.4300,1.8348,3.0719,0.5973,72.0044
2019-02-14,3.4100,1.8416,3.0726,0.5994,71.4522
2019-02-15,3.3800,1.8621,3.0794,0.6047,70.4583
2019-02-18,3.4800,1.8083,3.1094,0.5816,74.0475
2019-02-19,3.5000,1.7953,3.1279,0.5740,74.7653
2019-02-20,3.4800,1.8083,3.1196,0.5797,74.3788
2019-02-21,3.4500,1.8214,3.1361,0.5808,74.1027
2019-02-22,3.6100,1.7421,3.1451,0.5539,77.8023
2019-02-25,3.9700,1.5847,3.1787,0.4985,81.9989
2019-02-26,3.8800,1.6207,3.1878,0.5084,81.3915
2019-02-27,4.1200,1.5267,3.1689,0.4818,83.4346
2019-02-28,4.0000,1.5698,3.1731,0.4947,82.5511
2019-03-01,4.1100,1.5313,3.1870,0.4805,83.4898
2019-03-04,4.1700,1.5060,3.2023,0.4703,84.3181
2019-03-05,4.1600,1.5128,3.2149,0.4706,84.2628
2019-03-06,4.2100,1.4925,3.2021,0.4661,84.5941
2019-03-07,4.3400,1.4471,3.1572,0.4583,85.3672
2019-03-08,3.9500,1.5898,3.1423,0.5059,81.5019
2019-03-11,4.0500,1.5527,3.1374,0.4949,82.4406
2019-03-12,4.0800,1.5408,3.1424,0.4903,82.8824
2019-03-13,4.0200,1.5649,3.1375,0.4988,81.9437
2019-03-14,3.9700,1.5847,3.1475,0.5035,81.5572
2019-03-15,4.0100,1.5309,3.1376,0.4879,83.1585
2019-03-18,4.1200,1.4911,3.1377,0.4752,83.8211
2019-03-19,4.1400,1.4843,3.1377,0.4731,83.9867
2019-03-20,4.1400,1.4821,3.1453,0.4712,84.1524
2019-03-21,4.1200,1.4911,3.1291,0.4765,83.7659
2019-03-22,4.0600,1.5143,3.1080,0.4872,83.2137
2019-03-25,3.9200,1.5652,3.0831,0.5077,81.4467
2019-03-26,3.8400,1.6011,3.0633,0.5227,80.6184
2019-03-27,3.8600,1.5907,3.0882,0.5151,81.0050
2019-03-28,3.8300,1.6038,3.0634,0.5235,80.3976
2019-03-29,3.9900,1.5405,3.0683,0.5021,81.6124
2019-04-01,4.0600,1.5119,3.1332,0.4825,83.3793
2019-04-02,4.0400,1.5190,3.1681,0.4795,83.5450
2019-04-03,4.0900,1.5003,3.2331,0.4640,84.7046
2019-04-04,4.1600,1.4754,3.2679,0.4515,85.6433
2019-04-08,4.1100,1.4934,3.2482,0.4598,85.2015
2019-04-09,4.1100,1.4934,3.2882,0.4542,85.4776
2019-04-10,4.0600,1.5143,3.2932,0.4598,85.1463
2019-04-11,4.0700,1.5072,3.2784,0.4597,85.2568
2019-04-12,4.0100,1.5309,3.3334,0.4593,85.3120
2019-04-15,4.0200,1.5285,3.3736,0.4531,85.5329
2019-04-16,4.1400,1.4821,3.3937,0.4367,86.0298
2019-04-17,4.1500,1.4932,3.3938,0.4400,85.9746
2019-04-18,4.1500,1.4932,3.3589,0.4446,85.8642
2019-04-19,4.1500,1.4904,3.3741,0.4417,85.9194
2019-04-22,4.0500,1.5268,3.4091,0.4479,85.7537
2019-04-23,4.0200,1.5383,3.3993,0.4525,85.5881
2019-04-24,4.0400,1.5325,3.4343,0.4462,85.8089
2019-04-25,3.9100,1.5832,3.4193,0.4630,84.9255
2019-04-26,3.8900,1.5925,3.4043,0.4678,84.4837
2019-04-29,3.8400,1.6114,3.4268,0.4702,84.3733
2019-04-30,3.8600,1.6019,3.3869,0.4730,84.0420
2019-05-06,3.7800,1.6374,3.3550,0.4880,83.1033
2019-05-07,3.8200,1.6211,3.3551,0.4832,83.3241
2019-05-08,3.7700,1.6440,3.3426,0.4918,82.7719
2019-05-09,3.8000,1.6275,3.3116,0.4915,82.8272
2019-05-10,3.8600,1.6019,3.3017,0.4852,83.2689
2019-05-13,3.7800,1.6374,3.2709,0.5006,81.7228
2019-05-14,3.7900,1.6341,3.2859,0.4973,82.1645
2019-05-15,3.8300,1.6178,3.2762,0.4938,82.6615
2019-05-16,3.8100,1.6243,3.2662,0.4973,82.2198
2019-05-17,3.6900,1.6779,3.2665,0.5137,81.1154
2019-05-20,3.6100,1.7168,3.2717,0.5247,80.3424
2019-05-21,3.6200,1.7096,3.2990,0.5182,80.8393
2019-05-22,3.5600,1.7388,3.3264,0.5227,80.5632
2019-05-23,3.5000,1.7691,3.3100,0.5345,79.5693
2019-05-24,3.5600,1.7388,3.3125,0.5249,80.2319
2019-05-27,3.6000,1.7204,3.3500,0.5136,81.1706
2019-05-28,3.5800,1.7278,3.3100,0.5220,80.6737
2019-05-29,3.5800,1.7314,3.2875,0.5267,80.1215
2019-05-30,3.5400,1.7500,3.2750,0.5344,79.6245
2019-05-31,3.5400,1.7500,3.2751,0.5343,79.6797
2019-06-03,3.5000,1.7691,3.2401,0.5460,78.9067
2019-06-04,3.5100,1.7652,3.2101,0.5499,78.4097
2019-06-05,3.5100,1.7614,3.2100,0.5487,78.5754
2019-06-06,3.4700,1.7846,3.2136,0.5553,77.5262
2019-06-10,3.5000,1.7691,3.2251,0.5485,78.6306
2019-06-11,3.6000,1.7204,3.2651,0.5269,80.0663
2019-06-12,3.5500,1.7426,3.2601,0.5345,79.5141
2019-06-13,3.5500,1.7426,3.2451,0.5370,79.4036
2019-06-14,3.5100,1.7614,3.2302,0.5453,79.0171
2019-06-17,3.5800,1.7314,3.2252,0.5368,79.4589
2019-06-18,3.6000,1.7204,3.2302,0.5326,79.7350
2019-06-19,3.6300,1.7060,3.2427,0.5261,80.1767
2019-06-20,3.7000,1.6710,3.2352,0.5165,80.8945
2019-06-21,3.7100,1.6676,3.2303,0.5162,80.9498
2019-06-24,3.6700,1.6848,3.2453,0.5192,80.7841
2019-06-25,3.6100,1.7132,3.2353,0.5295,79.9558
2019-06-26,3.6000,1.7204,3.2453,0.5301,79.9006
2019-06-27,3.6000,1.7204,3.2553,0.5285,80.0110
2019-06-28,3.5600,1.7388,3.2254,0.5391,79.2932
2019-07-01,3.6100,1.7132,3.2254,0.5312,79.8454
2019-07-02,3.6100,1.7132,3.1704,0.5404,79.2380
2019-07-03,3.6000,1.7204,3.1554,0.5452,79.0723
2019-07-04,3.5900,1.7241,3.1479,0.5477,78.6858
2019-07-05,3.6000,1.7204,3.1705,0.5426,79.1828
2019-07-08,3.5000,1.7691,3.1805,0.5562,77.4158
2019-07-09,3.4900,1.7729,3.1680,0.5596,76.8636
2019-07-10,3.4800,1.7768,3.1706,0.5604,76.6980
2019-07-11,3.4800,1.7807,3.1680,0.5621,76.4219
2019-07-12,3.5100,1.7614,3.1531,0.5586,77.0293
2019-07-15,3.5400,1.7500,3.1782,0.5506,78.2441
2019-07-16,3.5300,1.7538,3.1732,0.5527,78.1336
2019-07-17,3.5200,1.7576,3.1757,0.5535,77.9128
2019-07-18,3.4900,1.7729,3.1608,0.5609,76.5323
2019-07-19,3.5100,1.7652,3.1559,0.5593,76.9188
2019-07-22,3.4600,1.7885,3.1484,0.5681,75.6488
2019-07-23,3.4800,1.7807,3.1484,0.5656,75.9249
2019-07-24,3.4900,1.7729,3.1710,0.5591,76.9740
2019-07-25,3.5100,1.7652,3.1635,0.5580,77.1949
2019-07-26,3.4900,1.7729,3.1661,0.5600,76.7532
2019-07-29,3.4800,1.7768,3.1836,0.5581,77.1397
2019-07-30,3.5200,1.7576,3.1761,0.5534,77.9680
2019-07-31,3.5400,1.7500,3.1552,0.5546,77.6919
2019-08-01,3.4900,1.7729,3.1487,0.5631,76.2010
2019-08-02,3.4500,1.7923,3.0914,0.5798,74.3236
2019-08-05,3.4100,1.8163,3.0563,0.5943,72.5014
2019-08-06,3.3200,1.8620,3.0613,0.6082,70.1822
2019-08-07,3.3200,1.8620,3.0514,0.6102,69.7405
2019-08-08,3.4100,1.8163,3.0465,0.5962,72.2253
2019-08-09,3.4000,1.8204,3.0216,0.6025,70.9001
2019-08-12,3.4000,1.8204,3.0391,0.5990,71.5075
2019-08-13,3.3500,1.8451,3.0041,0.6142,68.9122
2019-08-14,3.3600,1.8410,3.0105,0.6115,69.2435
2019-08-15,3.3500,1.8451,3.0115,0.6127,69.0779
2019-08-16,3.3500,1.8493,3.0217,0.6120,69.1331
2019-08-19,3.4200,1.8123,3.0191,0.6003,71.3418
2019-08-20,3.3900,1.8286,3.0317,0.6032,70.7896
2019-08-21,3.3700,1.8368,3.0567,0.6009,71.1761
2019-08-22,3.3500,1.8451,3.0543,0.6041,70.6240
2019-08-23,3.3600,1.8410,3.0644,0.6008,71.2314
2019-08-26,3.3200,1.8620,3.0494,0.6106,69.5196
2019-08-27,3.3600,1.8410,3.0520,0.6032,70.7344
2019-08-28,3.3500,1.8451,3.0520,0.6046,70.5135
2019-08-29,3.3200,1.8620,3.0321,0.6141,68.9674
2019-08-30,3.2700,1.8923,3.0573,0.6189,68.3600
2019-09-02,3.3200,1.8663,3.0723,0.6075,70.2927
2019-09-03,3.3100,1.8706,3.0624,0.6108,69.4092
2019-09-04,3.3600,1.8410,3.0473,0.6041,70.5687
2019-09-05,3.4100,1.8163,3.0173,0.6020,71.1209
2019-09-06,3.4300,1.8042,3.0173,0.5980,71.7835
2019-09-09,3.4500,1.7923,3.0250,0.5925,72.5566
2019-09-10,3.4500,1.7923,3.0425,0.5891,73.3297
2019-09-11,3.4500,1.7963,3.0525,0.5885,73.4401
2019-09-12,3.4500,1.7923,3.0876,0.5805,74.2131
2019-09-16,3.4400,1.8002,3.0926,0.5821,73.9371
2019-09-17,3.3800,1.8327,3.1076,0.5897,73.1640
2019-09-18,3.3500,1.8451,3.1278,0.5899,73.1088
2019-09-19,3.3700,1.8368,3.1053,0.5915,72.6670
2019-09-20,3.3900,1.8286,3.0980,0.5903,72.9983
2019-09-23,3.3400,1.8535,3.1005,0.5978,71.8940
2019-09-24,3.3300,1.8578,3.1205,0.5954,72.3357
2019-09-25,3.3300,1.8578,3.1157,0.5963,72.1701
2019-09-26,3.3700,1.8368,3.1381,0.5853,73.6610
2019-09-27,3.3400,1.8535,3.1482,0.5887,73.3849
2019-09-30,3.2900,1.8792,3.1411,0.5983,71.5627
2019-10-08,3.3300,1.8578,3.1063,0.5981,71.6731
2019-10-09,3.3900,1.8245,3.1089,0.5869,73.6057
2019-10-10,3.4000,1.8204,3.1289,0.5818,73.9923
2019-10-11,3.4500,1.7963,3.1564,0.5691,75.3727
2019-10-14,3.5400,1.7499,3.1641,0.5530,78.0784
2019-10-15,3.5300,1.7537,3.1668,0.5538,77.8575
2019-10-16,3.4600,1.7884,3.1693,0.5643,76.1458
2019-10-17,3.4500,1.7923,3.1569,0.5677,75.8697
2019-10-18,3.3800,1.8327,3.1870,0.5751,74.6549
2019-10-21,3.3900,1.8286,3.2196,0.5680,75.7592
2019-10-22,3.4000,1.8204,3.2196,0.5654,75.9801
2019-10-23,3.4400,1.8002,3.2122,0.5604,76.6427
2019-10-24,3.5100,1.7613,3.2196,0.5471,78.7410
2019-10-25,3.4800,1.7767,3.2372,0.5488,78.5202
2019-10-28,3.4500,1.7963,3.2924,0.5456,78.9619
2019-10-29,3.4100,1.8163,3.3029,0.5499,78.3545
2019-10-30,3.3900,1.8245,3.3125,0.5508,78.1888
2019-10-31,3.3500,1.8493,3.2880,0.5624,76.3114
2019-11-01,3.3900,1.8286,3.2757,0.5582,77.0845
2019-11-04,3.3900,1.8286,3.2954,0.5549,77.5814
2019-11-05,3.4400,1.8002,3.2454,0.5547,77.6367
2019-11-06,3.4300,1.8042,3.2555,0.5542,77.7471
2019-11-07,3.4600,1.7884,3.2736,0.5463,78.8515
2019-11-08,3.4200,1.8123,3.2765,0.5531,78.0232
2019-11-11,3.3400,1.8535,3.2463,0.5710,75.0966
2019-11-12,3.3700,1.8368,3.2550,0.5643,76.0906
2019-11-13,3.3500,1.8493,3.2370,0.5713,75.0414
2019-11-14,3.3500,1.8493,3.2555,0.5681,75.7040
2019-11-15,3.3200,1.8663,3.2355,0.5768,74.4892
2019-11-18,3.3300,1.8578,3.1993,0.5807,74.1579
2019-11-19,3.3500,1.8493,3.1743,0.5826,73.8818
2019-11-20,3.3100,1.8706,3.1747,0.5892,73.2192
2019-11-21,3.3100,1.8706,3.1749,0.5892,73.2744
2019-11-22,3.3000,1.8749,3.1747,0.5906,72.8879
2019-11-25,3.3300,1.8578,3.1875,0.5828,73.8266
2019-11-26,3.3200,1.8620,3.1675,0.5878,73.5505
2019-11-27,3.3100,1.8706,3.1700,0.5901,73.0536
2019-11-28,3.2900,1.8836,3.1650,0.5951,72.3909
2019-11-29,3.3000,1.8749,3.1650,0.5924,72.6118
2019-12-02,3.3100,1.8706,3.2062,0.5834,73.7714
2019-12-03,3.3200,1.8663,3.1746,0.5879,73.4953
2019-12-04,3.3400,1.8535,3.1751,0.5838,73.7162
2019-12-05,3.3800,1.8327,3.1776,0.5768,74.5445
2019-12-06,3.3700,1.8368,3.1751,0.5785,74.4340
2019-12-09,3.3800,1.8327,3.1903,0.5745,74.7101
2019-12-10,3.3900,1.8286,3.1776,0.5755,74.5997
2019-12-11,3.4200,1.8123,3.1702,0.5717,74.9862
2019-12-12,3.4100,1.8163,3.1652,0.5738,74.8205
2019-12-13,3.4500,1.7963,3.1828,0.5644,76.0353
2019-12-16,3.4500,1.7923,3.1854,0.5627,76.2562
2019-12-17,3.5400,1.7499,3.2133,0.5446,79.1276
2019-12-18,3.5100,1.7651,3.2139,0.5492,78.4649
2019-12-19,3.5200,1.7575,3.2139,0.5468,78.7962
2019-12-20,3.5400,1.7499,3.1808,0.5501,78.2993
2019-12-23,3.4300,1.8042,3.1661,0.5698,75.2071
2019-12-24,3.4500,1.7923,3.1535,0.5684,75.5384
2019-12-25,3.4500,1.7923,3.1463,0.5697,75.2623
2019-12-26,3.4900,1.7728,3.1137,0.5694,75.3175
2019-12-27,3.4800,1.7767,3.1292,0.5678,75.8145
2019-12-30,3.5200,1.7575,3.1322,0.5611,76.4771
2019-12-31,3.5400,1.7462,3.1365,0.5567,77.3606
2020-01-02,3.5700,0.8883,3.1485,0.2821,99.8896
2020-01-03,3.5400,0.8941,3.1428,0.2845,99.8343
2020-01-06,3.5400,0.8960,3.1352,0.2858,99.6687
2020-01-07,3.5400,0.8941,3.1379,0.2849,99.7239
2020-01-08,3.4600,0.9157,3.1337,0.2922,99.3374
2020-01-09,3.5000,0.9057,3.1184,0.2904,99.4478
2020-01-10,3.4900,0.9077,3.0819,0.2945,99.2269
2020-01-13,3.5400,0.8960,3.0840,0.2905,99.3926
2020-01-14,3.5000,0.9057,3.0994,0.2922,99.2822
2020-01-15,3.4600,0.9157,3.0897,0.2964,99.0613
2020-01-16,3.4400,0.9218,3.0918,0.2981,98.8956
2020-01-17,3.4500,0.9197,3.0832,0.2983,98.7852
2020-01-20,3.4700,0.9137,3.0776,0.2969,99.0061
2020-01-21,3.4300,0.9238,3.0337,0.3045,98.1778
2020-01-22,3.4600,0.9157,3.0282,0.3024,98.3435
2020-01-23,3.3800,0.9363,2.9932,0.3128,96.6317
2020-02-03,3.0500,1.0390,2.8231,0.3680,90.1160
2020-02-04,3.1300,1.0112,2.8551,0.3542,91.1099
2020-02-05,3.1600,1.0039,2.8440,0.3530,91.2203
2020-02-06,3.1700,0.9991,2.8392,0.3519,91.4964
2020-02-07,3.1600,1.0039,2.8024,0.3582,90.7234
2020-02-10,3.1900,0.9943,2.7872,0.3567,91.0547
2020-02-11,3.1900,0.9920,2.8340,0.3500,91.5516
2020-02-12,3.2300,0.9803,2.8333,0.3460,91.6068
2020-02-13,3.1900,0.9943,2.8201,0.3526,91.3308
2020-02-14,3.2000,0.9896,2.8631,0.3456,91.6621
2020-02-17,3.3000,0.9600,2.8928,0.3319,92.4351
2020-02-18,3.2600,0.9712,2.8664,0.3388,92.1038
2020-02-19,3.2600,0.9734,2.8776,0.3383,92.1590
2020-02-20,3.3200,0.9534,2.8857,0.3304,92.5456
2020-02-21,3.3800,0.9384,2.8470,0.3296,92.6008
2020-02-24,3.3400,0.9490,2.8120,0.3375,92.2142
2020-02-25,3.2900,0.9644,2.8220,0.3417,91.9934
2020-02-26,3.3000,0.9600,2.7973,0.3432,91.8277
2020-02-27,3.3200,0.9556,2.7702,0.3450,91.7173
2020-02-28,3.1900,0.9920,2.7376,0.3624,90.5025
2020-03-02,3.2600,0.9712,2.7428,0.3541,91.1651
2020-03-03,3.2700,0.9689,2.7478,0.3526,91.2755
2020-03-04,3.3200,0.9556,2.6730,0.3575,90.8890
2020-03-05,3.5200,0.8999,2.6829,0.3354,92.2695
2020-03-06,3.4200,0.9259,2.6280,0.3523,91.4412
2020-03-09,3.2900,0.9622,2.5205,0.3817,88.6803
2020-03-10,3.3600,0.9426,2.6130,0.3607,90.6129
2020-03-11,3.3200,0.9556,2.6079,0.3664,90.2264
2020-03-12,3.3500,0.9469,2.6379,0.3590,90.6681
2020-03-13,3.4500,0.9177,2.6759,0.3430,91.8829
2020-03-16,3.2700,0.9689,2.6758,0.3621,90.5577
2020-03-17,3.2700,0.9689,2.7135,0.3571,90.9994
2020-03-18,3.1900,0.9920,2.7136,0.3656,90.2816
2020-03-19,3.1600,1.0039,2.7299,0.3677,90.1712
2020-03-20,3.1800,0.9967,2.6815,0.3717,89.8399
2020-03-23,3.0900,1.0262,2.6315,0.3900,87.5759
2020-03-24,3.1300,1.0112,2.6289,0.3846,88.2385
2020-03-25,3.1700,0.9991,2.6289,0.3800,88.7907
2020-03-26,3.1500,1.0064,2.5940,0.3880,87.8520
2020-03-27,3.1600,1.0039,2.6090,0.3848,88.1833
2020-03-30,3.1300,1.0137,2.6142,0.3878,87.9072
2020-03-31,3.1300,1.0112,2.5899,0.3904,87.5207
2020-04-01,3.1600,1.0015,2.5550,0.3920,87.2446
2020-04-02,3.1900,0.9920,2.5854,0.3837,88.4594
2020-04-03,3.1800,0.9967,2.5965,0.3839,88.4042
2020-04-07,3.2200,0.9849,2.5112,0.3922,87.1894
2020-04-08,3.2200,0.9849,2.4824,0.3968,86.8581
2020-04-09,3.2000,0.9896,2.5226,0.3923,87.1342
2020-04-10,3.1900,0.9943,2.5403,0.3914,87.2998
2020-04-13,3.1800,0.9967,2.5658,0.3885,87.7968
2020-04-14,3.2100,0.9873,2.5591,0.3858,88.0177
2020-04-15,3.1900,0.9943,2.5455,0.3906,87.4655
2020-04-16,3.2200,0.9849,2.5276,0.3897,87.6311
2020-04-17,3.1900,0.9920,2.5590,0.3877,87.9625
2020-04-20,3.1900,0.9920,2.5920,0.3827,88.5146
2020-04-21,3.1900,0.9920,2.5791,0.3846,88.2938
2020-04-22,3.1700,0.9991,2.5567,0.3908,87.4103
2020-04-23,3.1600,1.0015,2.5227,0.3970,86.8029
2020-04-24,3.1300,1.0112,2.5100,0.4029,86.6924
2020-04-27,3.1500,1.0064,2.5345,0.3971,86.7477
2020-04-28,3.1000,1.0212,2.5254,0.4044,86.6372
2020-04-29,3.1300,1.0137,2.5009,0.4053,86.5268
2020-04-30,3.1600,1.0039,2.5380,0.3955,86.9133
2020-05-06,3.1400,1.0088,2.5809,0.3909,87.3551
2020-05-07,3.1300,1.0137,2.6298,0.3855,88.0729
2020-05-08,3.1500,1.0064,2.6207,0.3840,88.3490
2020-05-11,3.1300,1.0112,2.6698,0.3788,89.0668
2020-05-12,3.1300,1.0137,2.6603,0.3810,88.7355
2020-05-13,3.1200,1.0162,2.7076,0.3753,89.5086
2020-05-14,3.1000,1.0212,2.6989,0.3784,89.1773
2020-05-15,3.1100,1.0187,2.6820,0.3798,88.9012
2020-05-18,3.1100,1.0187,2.7253,0.3738,89.7294
2020-05-19,3.1200,1.0162,2.7272,0.3726,89.7846
2020-05-20,3.1100,1.0187,2.6900,0.3787,89.1220
2020-05-21,3.0900,1.0262,2.6850,0.3822,88.5699
2020-05-22,3.0700,1.0338,2.6176,0.3949,86.9685
2020-05-25,3.0700,1.0338,2.6852,0.3850,88.1281
2020-05-26,3.0700,1.0313,2.7402,0.3764,89.2877
2020-05-27,3.0700,1.0338,2.7527,0.3756,89.3429
2020-05-28,3.0900,1.0262,2.7201,0.3773,89.2325
2020-05-29,3.0700,1.0338,2.7053,0.3821,88.6251
2020-06-01,3.1000,1.0212,2.7253,0.3747,89.6742
2020-06-02,3.1200,1.0162,2.7852,0.3649,90.3920
2020-06-03,3.1300,1.0112,2.7901,0.3624,90.4473
2020-06-04,3.1300,1.0137,2.8301,0.3582,90.7786
2020-06-05,3.1600,1.0039,2.8475,0.3526,91.3860
2020-06-08,3.1500,1.0064,2.8101,0.3581,90.8338
2020-06-09,3.1200,1.0628,2.8031,0.3792,89.0116
2020-06-10,3.0900,1.0710,2.8201,0.3798,88.9564
2020-06-11,3.0800,1.0766,2.7701,0.3887,87.7416
2020-06-12,3.0600,1.0822,2.7451,0.3942,87.0237
2020-06-15,3.0500,1.0850,2.7878,0.3892,87.6864
2020-06-16,3.0700,1.0794,2.8402,0.3800,88.8459
2020-06-17,3.0700,1.0794,2.8802,0.3748,89.6190
2020-06-18,3.0900,1.0710,2.8527,0.3754,89.4533
2020-06-19,3.1100,1.0656,2.8752,0.3706,89.8951
2020-06-22,3.1100,1.0656,2.9153,0.3655,90.3368
2020-06-23,3.0900,1.0738,2.9127,0.3687,90.0055
2020-06-24,3.1400,1.0548,2.8614,0.3686,90.0607
2020-06-29,3.1000,1.0683,2.8504,0.3748,89.5638
2020-06-30,3.1300,1.0601,2.8230,0.3755,89.3981
2020-07-01,3.1500,1.0521,2.8456,0.3697,89.9503
2020-07-02,3.2400,1.0212,2.8584,0.3573,90.9442
2020-07-03,3.3400,0.9920,2.8974,0.3424,91.9382
2020-07-06,3.6700,0.9018,2.9959,0.3010,98.5643
2020-07-07,3.5500,0.9341,3.0158,0.3097,96.9630
2020-07-08,3.7300,0.8883,3.0632,0.2900,99.5583
2020-07-09,3.8300,0.8644,3.0809,0.2806,99.9448
2020-07-10,3.6200,0.9157,3.0305,0.3022,98.3987
2020-07-13,3.6300,0.9117,3.0557,0.2984,98.7300
2020-07-14,3.5900,0.9238,3.0057,0.3073,97.6256
2020-07-15,3.5100,0.9426,2.9559,0.3189,94.8647
2020-07-16,3.5500,0.9341,2.9459,0.3171,95.5826
2020-07-17,3.5600,0.9300,2.9507,0.3152,96.0795
2020-07-20,3.7100,0.8941,2.9311,0.3050,98.1226
2020-07-21,3.6300,0.9137,2.9011,0.3149,96.1347
2020-07-22,3.5900,0.9217,2.8861,0.3194,94.6991
2020-07-23,3.5300,0.9384,2.9064,0.3229,93.4843
2020-07-24,3.3700,0.9826,2.8612,0.3434,91.7725
2020-07-27,3.3700,0.9826,2.8791,0.3413,92.0486
2020-07-28,3.3900,0.9780,2.9214,0.3348,92.3247
2020-07-29,3.4300,0.9667,2.9415,0.3286,92.8769
2020-07-30,3.3800,0.9803,2.9364,0.3338,92.3799
2020-07-31,3.4000,0.9757,2.9664,0.3289,92.8216
2020-08-03,3.4400,0.9622,2.9466,0.3265,93.0425
2020-08-04,3.5000,0.9469,2.9365,0.3225,93.7604
2020-08-05,3.4500,0.9600,2.9592,0.3244,93.2082
2020-08-06,3.4400,0.9622,2.9816,0.3227,93.5395
2020-08-07,3.3800,0.9803,2.9918,0.3277,92.9321
2020-08-10,3.4000,0.9734,2.9543,0.3295,92.6560
2020-08-11,3.3900,0.9780,2.9544,0.3310,92.4903
2020-08-12,3.4000,0.9757,2.9620,0.3294,92.7112
2020-08-13,3.4000,0.9734,2.9555,0.3294,92.7664
2020-08-14,3.4500,0.9600,2.9369,0.3269,92.9873
2020-08-17,3.5500,0.9321,2.9421,0.3168,95.6378
2020-08-18,3.5200,0.9405,2.9771,0.3159,95.9139
2020-08-19,3.4900,0.9490,2.9921,0.3172,95.5273
2020-08-20,3.4400,0.9644,2.9973,0.3218,94.0364
2020-08-21,3.4400,0.9644,2.9823,0.3234,93.3738
2020-08-24,3.4400,0.9644,2.9998,0.3215,94.2021
2020-08-25,3.4300,0.9667,3.0424,0.3177,95.4169
2020-08-26,3.4000,0.9757,3.0511,0.3198,94.5334
2020-08-27,3.4200,0.9689,3.0599,0.3166,95.6930
2020-08-28,3.4900,0.9490,3.0672,0.3094,97.1287
2020-08-31,3.4400,0.9644,3.0177,0.3196,94.5886
2020-09-01,3.4400,0.9644,3.0478,0.3164,95.7482
2020-09-02,3.4100,0.9712,3.1027,0.3130,96.4660
2020-09-03,3.3800,0.9803,3.1051,0.3157,95.9691
2020-09-04,3.3400,0.9920,3.1228,0.3177,95.4721
2020-09-07,3.3100,1.0015,3.1454,0.3184,95.1960
2020-09-08,3.3600,0.9873,3.1230,0.3161,95.8034
2020-09-09,3.3700,0.9826,3.0805,0.3190,94.7543
2020-09-10,3.3200,0.9967,3.0833,0.3233,93.4290
2020-09-11,3.3100,1.0015,3.1346,0.3195,94.6438
2020-09-14,3.3200,0.9967,3.1532,0.3161,95.8586
2020-09-15,3.3200,0.9991,3.1083,0.3214,94.2573
2020-09-16,3.3200,0.9967,3.1260,0.3188,94.9199
2020-09-17,3.3200,0.9967,3.1334,0.3181,95.2512
2020-09-18,3.3800,0.9803,3.1162,0.3146,96.1900
2020-09-21,3.3600,0.9873,3.0999,0.3185,94.9752
2020-09-22,3.3300,0.9943,3.0863,0.3222,93.8708
2020-09-23,3.3200,0.9967,3.0890,0.3227,93.6499
2020-09-24,3.3000,1.0039,3.0840,0.3255,93.1530
2020-09-25,3.2900,1.0064,3.1295,0.3216,94.1469
2020-09-28,3.2900,1.0064,3.1092,0.3237,93.2634
2020-09-29,3.2900,1.0064,3.1292,0.3216,94.0917
2020-09-30,3.2700,1.0137,3.1482,0.3220,93.9812
2020-10-09,3.3100,1.0015,3.1873,0.3142,96.3004
2020-10-12,3.3600,0.9849,3.1861,0.3091,97.2943
2020-10-13,3.3300,0.9943,3.1950,0.3112,96.7421
2020-10-14,3.3300,0.9943,3.2150,0.3093,97.1839
2020-10-15,3.3500,0.9896,3.2300,0.3064,97.8465
2020-10-16,3.3600,0.9849,3.2202,0.3059,97.9569
2020-10-19,3.3600,0.9873,3.2005,0.3085,97.3495
2020-10-20,3.3300,0.9943,3.1955,0.3112,96.7973
2020-10-21,3.3500,0.9896,3.1855,0.3107,96.9078
2020-10-22,3.3300,0.9943,3.1707,0.3136,96.3556
2020-10-23,3.3600,0.9849,3.1957,0.3082,97.4600
2020-10-26,3.3000,1.0039,3.1934,0.3144,96.2452
2020-10-27,3.2800,1.0112,3.1609,0.3199,94.4782
2020-10-28,3.2800,1.0112,3.1810,0.3179,95.3617
2020-10-29,3.2600,1.0162,3.1860,0.3190,94.8095
2020-10-30,3.2000,1.0364,3.1810,0.3258,93.0977
2020-11-02,3.2400,1.0211,3.1785,0.3213,94.3125
2020-11-03,3.2600,1.0162,3.1762,0.3199,94.3678
2020-11-04,3.2400,1.0211,3.1687,0.3222,93.8156
2020-11-05,3.2600,1.0162,3.1912,0.3184,95.1408
2020-11-06,3.2400,1.0211,3.2063,0.3185,95.0304
2020-11-09,3.2800,1.0112,3.2363,0.3125,96.6869
2020-11-10,3.2600,1.0162,3.2241,0.3152,96.0243
2020-11-11,3.2700,1.0137,3.2391,0.3130,96.5213
2020-11-12,3.2400,1.0211,3.2614,0.3131,96.4108
2020-11-13,3.2400,1.0237,3.2715,0.3129,96.5765
2020-11-16,3.2500,1.0187,3.2741,0.3111,96.8526
2020-11-17,3.2600,1.0162,3.2866,0.3092,97.2391
2020-11-18,3.2800,1.0088,3.3240,0.3035,98.2882
2020-11-19,3.2800,1.0088,3.3487,0.3013,98.4539
2020-11-20,3.2700,1.0137,3.3100,0.3063,97.9017
2020-11-23,3.2900,1.0063,3.2650,0.3082,97.4047
2020-11-24,3.2800,1.0088,3.2900,0.3066,97.7361
2020-11-25,3.2800,1.0112,3.2675,0.3095,97.0734
2020-11-26,3.2800,1.0088,3.2850,0.3071,97.6808
2020-11-27,3.3600,0.9849,3.3000,0.2985,98.6195
2020-11-30,3.3400,0.9920,3.2500,0.3052,98.0674
2020-12-01,3.5500,0.9321,3.2725,0.2848,99.7791
2020-12-02,3.4900,0.9490,3.2925,0.2882,99.6135
2020-12-03,3.6100,0.9177,3.2851,0.2794,100.0000
2020-12-04,3.5000,0.9469,3.2651,0.2900,99.5030
2020-12-07,3.4000,0.9734,3.2701,0.2977,98.9509
2020-12-08,3.4100,0.9712,3.2551,0.2984,98.6748
2020-12-09,3.4200,0.9689,3.2726,0.2961,99.1165
2020-12-10,3.4400,0.9644,3.2601,0.2958,99.1717
2020-12-11,3.3700,0.9826,3.2951,0.2982,98.8404
2020-12-14,3.3500,0.9896,3.2851,0.3012,98.5091
2020-12-15,3.3100,1.0015,3.2777,0.3055,98.0121
2020-12-16,3.2800,1.0088,3.2752,0.3080,97.5704
2020-12-17,3.3200,0.9967,3.2802,0.3039,98.2330
2020-12-18,3.2800,1.0088,3.2902,0.3066,97.7913
2020-12-21,3.2900,1.0063,3.2652,0.3082,97.5152
2020-12-22,3.2300,1.0262,3.2278,0.3179,95.3065
2020-12-23,3.2200,1.0287,3.2153,0.3199,94.4230
2020-12-24,3.2200,1.0287,3.2303,0.3185,95.0856
2020-12-25,3.2200,1.0287,3.1878,0.3227,93.5947
2020-12-28,3.2400,1.0237,3.1629,0.3237,93.3186
2020-12-29,3.2600,1.0162,3.1554,0.3221,93.9260
2020-12-30,3.2900,1.0063,3.1204,0.3225,93.7051
2020-12-31,3.4000,0.9734,3.1429,0.3097,97.0182
2021-01-04,3.3600,4.2654,3.1780,1.3422,57.4268
2021-01-05,3.3600,4.2654,3.1305,1.3625,56.1568
2021-01-06,3.3200,4.3062,3.1256,1.3777,55.3285
2021-01-07,3.2800,4.3689,3.1256,1.3978,54.5003
2021-01-08,3.2700,4.3795,3.1456,1.3923,54.8316
2021-01-11,3.2500,4.4010,3.1632,1.3913,54.8868
2021-01-12,3.2900,4.3478,3.1457,1.3821,55.1077
2021-01-13,3.2800,4.3689,3.1157,1.4022,54.1690
2021-01-14,3.3100,4.3269,3.1059,1.3931,54.7764
2021-01-15,3.3200,4.3062,3.1508,1.3667,55.8807
2021-01-18,3.3300,4.2959,3.1658,1.3570,56.5986
2021-01-19,3.3600,4.2654,3.1609,1.3494,57.1507
2021-01-20,3.3600,4.2553,3.1610,1.3462,57.2612
2021-01-21,3.3700,4.2453,3.1335,1.3548,56.8194
2021-01-22,3.2800,4.3583,3.1185,1.3976,54.5555
2021-01-25,3.2700,4.3795,3.1323,1.3982,54.3898
2021-01-26,3.2400,4.4226,3.1585,1.4002,54.2242
2021-01-27,3.2800,4.3689,3.1636,1.3810,55.2733
2021-01-28,3.2600,4.3902,3.1961,1.3736,55.5494
2021-01-29,3.2600,4.3902,3.1786,1.3812,55.2181
2021-02-01,3.2900,4.3478,3.1712,1.3710,55.7151
2021-02-02,3.2100,4.4554,3.1862,1.3983,54.2794
2021-02-03,3.1600,4.5226,3.2112,1.4084,54.0033
2021-02-04,3.1600,4.5226,3.2347,1.3982,54.4451
2021-02-05,3.2800,4.3583,3.2164,1.3550,56.7642
2021-02-08,3.2400,4.4117,3.2370,1.3629,56.1016
2021-02-09,3.2400,4.4226,3.2303,1.3691,55.7703
2021-02-10,3.2400,4.4226,3.2449,1.3629,56.0464
2021-02-18,3.2700,4.3795,3.2831,1.3340,57.7029
2021-02-19,3.3200,4.3062,3.2578,1.3218,58.3103
2021-02-22,3.3200,4.3165,3.2736,1.3186,58.5312
2021-02-23,3.3200,4.3062,3.2635,1.3195,58.4760
2021-02-24,3.3200,4.3165,3.2627,1.3230,58.2551
2021-02-25,3.3400,4.2857,3.2723,1.3097,58.9729
2021-02-26,3.2800,4.3583,3.2798,1.3288,57.8134
2021-03-01,3.2800,4.3583,3.2475,1.3420,57.4821
2021-03-02,3.2800,4.3689,3.2474,1.3454,57.3164
2021-03-03,3.3600,4.2654,3.2553,1.3103,58.8625
2021-03-04,3.4300,4.1666,3.2655,1.2759,59.5251
2021-03-05,3.4200,4.1860,3.2457,1.2897,59.3043
2021-03-08,3.4100,4.1958,3.2404,1.2948,59.1386
2021-03-09,3.4100,4.1958,3.2478,1.2919,59.2490
2021-03-10,3.3700,4.2453,3.2353,1.3122,58.7521
2021-03-11,3.4400,4.1570,3.2506,1.2788,59.4699
2021-03-12,3.4700,4.1190,3.2613,1.2630,59.6356
2021-03-15,3.4700,4.1190,3.2740,1.2581,59.6908
2021-03-16,3.4600,4.1379,3.2614,1.2687,59.5803
2021-03-17,3.4200,4.1860,3.2564,1.2855,59.4147
2021-03-18,3.4100,4.1958,3.2592,1.2874,59.3595
2021-03-19,3.3800,4.2353,3.2364,1.3086,59.0282
2021-03-22,3.4300,4.1763,3.2309,1.2926,59.1938
2021-03-23,3.4000,4.2056,3.2105,1.3100,58.9177
2021-03-24,3.4200,4.1860,3.1930,1.3110,58.8073
2021-03-25,3.3600,4.2654,3.1882,1.3379,57.5925
2021-03-26,3.3700,4.2453,3.1985,1.3273,57.9238
2021-03-29,3.3800,4.2353,3.1962,1.3251,58.0342
2021-03-30,3.3700,4.2453,3.2060,1.3242,58.1447
2021-03-31,3.3900,4.2253,3.1887,1.3251,58.0895
2021-04-01,3.4000,4.2056,3.1960,1.3159,58.6416
2021-04-02,3.3900,4.2253,3.2013,1.3199,58.4208
2021-04-06,3.3800,4.2353,3.2087,1.3199,58.3655
2021-04-07,3.3600,4.2654,3.2215,1.3240,58.1999
2021-04-08,3.3300,4.2959,3.2221,1.3333,57.7581
2021-04-09,3.3200,4.3165,3.2121,1.3438,57.3716
2021-04-12,3.3200,4.3062,3.1948,1.3479,57.2060
2021-04-13,3.2900,4.3478,3.1626,1.3748,55.4390
2021-04-14,3.3100,4.3269,3.1651,1.3671,55.8255
2021-04-15,3.3200,4.3165,3.1728,1.3605,56.2673
2021-04-16,3.3500,4.2755,3.1631,1.3517,57.0403
2021-04-19,3.3500,4.2755,3.1559,1.3548,56.8747
2021-04-20,3.3400,4.2857,3.1554,1.3582,56.4329
2021-04-21,3.3500,4.2755,3.1530,1.3560,56.6538
2021-04-22,3.3200,4.3165,3.1614,1.3654,55.9359
2021-04-23,3.3100,4.3269,3.1719,1.3641,55.9912
2021-04-26,3.2900,4.3478,3.2024,1.3577,56.4881
2021-04-27,3.2800,4.3689,3.2078,1.3620,56.2120
2021-04-28,3.2600,4.3902,3.1979,1.3728,55.6046
2021-04-29,3.3100,4.3269,3.1872,1.3576,56.5433
2021-04-30,3.2800,4.3583,3.1640,1.3775,55.3838
2021-05-06,3.2800,4.3689,3.1507,1.3866,55.0525
2021-05-07,3.3300,4.2959,3.1589,1.3599,56.3225
2021-05-10,3.3600,4.2553,3.1460,1.3526,56.9851
2021-05-11,3.3700,4.2453,3.1380,1.3529,56.9299
2021-05-12,3.3700,4.2453,3.1310,1.3559,56.7090
2021-05-13,3.3600,4.4444,3.1366,1.4169,53.6720
2021-05-14,3.4200,4.3689,3.1422,1.3904,54.9972
2021-05-17,3.3600,4.4554,3.1524,1.4133,53.8929
2021-05-18,3.3600,4.4554,3.1457,1.4163,53.7272
2021-05-19,3.3500,4.4665,3.1298,1.4271,53.2303
2021-05-20,3.3600,4.4554,3.1001,1.4372,52.7333
2021-05-21,3.3600,4.4554,3.0876,1.4430,52.2916
2021-05-24,3.3600,4.4554,3.0850,1.4442,52.1811
2021-05-25,3.4100,4.3795,3.0850,1.4196,53.5616
2021-05-26,3.4200,4.3689,3.0600,1.4277,53.1198
2021-05-27,3.4100,4.3902,3.0725,1.4289,53.0646
2021-05-28,3.4100,4.3795,3.0825,1.4208,53.4511
2021-05-31,3.3700,4.4335,3.0450,1.4560,51.5185
2021-06-01,3.3800,4.4226,3.0400,1.4548,51.6289
2021-06-02,3.3600,4.4554,3.0650,1.4536,51.6842
2021-06-03,3.3600,4.4554,3.0550,1.4584,51.2976
2021-06-04,3.3600,4.4554,3.0925,1.4407,52.4572
2021-06-07,3.3200,4.5000,3.1100,1.4469,52.0155
2021-06-08,3.3400,4.4776,3.1100,1.4397,52.5124
2021-06-09,3.3200,4.5000,3.1051,1.4492,51.9050
2021-06-10,3.3100,4.5113,3.1000,1.4553,51.5737
2021-06-11,3.2800,4.5569,3.1276,1.4570,51.4081
2021-06-15,3.2800,4.5569,3.1176,1.4617,51.1320
2021-06-16,3.3100,4.5226,3.1301,1.4449,52.1259
2021-06-17,3.2900,4.5454,3.1401,1.4475,51.9602
2021-06-18,3.2600,4.5801,3.1202,1.4679,50.6902
2021-06-21,3.2700,4.5685,3.0953,1.4759,50.0828
2021-06-22,3.2800,4.5569,3.0877,1.4758,50.1380
2021-06-23,3.2800,4.5569,3.0853,1.4770,49.8620
2021-06-24,3.2900,4.5454,3.0828,1.4744,50.3589
2021-06-25,3.3100,4.5226,3.0827,1.4671,50.8559
2021-06-28,3.2800,4.5569,3.0903,1.4746,50.3037
2021-06-29,3.2700,4.5685,3.0853,1.4807,49.6411
2021-06-30,3.2700,4.5685,3.0778,1.4843,49.1993
2021-07-01,3.2800,4.5569,3.0878,1.4758,50.1933
2021-07-02,3.2700,4.5685,3.0803,1.4831,49.3650
2021-07-05,3.2600,4.5801,3.0754,1.4893,48.9232
2021-07-06,3.2800,4.5569,3.0854,1.4769,49.9172
2021-07-07,3.2800,4.5569,3.0554,1.4914,48.5367
2021-07-08,3.2600,4.5801,2.9830,1.5354,44.2849
2021-07-09,3.2600,4.5801,3.0105,1.5214,45.9415
2021-07-12,3.2600,4.5801,2.9431,1.5562,42.5179
2021-07-13,3.2600,4.5918,2.9256,1.5695,40.5853
2021-07-14,3.2100,4.6632,2.9356,1.5885,38.4870
2021-07-15,3.2400,4.6154,2.9557,1.5615,41.8001
2021-07-16,3.2300,4.6272,2.9432,1.5722,40.1436
2021-07-19,3.2600,4.5918,2.9483,1.5574,42.2971
2021-07-20,3.2600,4.5918,2.9258,1.5694,40.6405
2021-07-21,3.2400,4.6154,2.9184,1.5815,39.4257
2021-07-22,3.2500,4.6036,2.9284,1.5721,40.1988
2021-07-23,3.2400,4.6154,2.9134,1.5842,39.0944
2021-07-26,3.2100,4.6632,2.8711,1.6242,35.5605
2021-07-27,3.1700,4.7120,2.9110,1.6187,35.9470
2021-07-28,3.1700,4.7244,2.9312,1.6118,36.6096
2021-07-29,3.1600,4.7368,2.8840,1.6424,33.5726
2021-07-30,3.1200,4.8000,2.8363,1.6923,28.3821
2021-08-02,3.1500,4.7493,2.8212,1.6834,28.8239
2021-08-03,3.1600,4.7368,2.8337,1.6716,29.5969
2021-08-04,3.1300,4.7745,2.8338,1.6848,28.7134
2021-08-05,3.1300,4.7745,2.7988,1.7059,27.2777
2021-08-06,3.1300,4.7745,2.8139,1.6968,27.7747
2021-08-09,3.1700,4.7120,2.8615,1.6467,33.0204
2021-08-10,3.1700,4.7120,2.8766,1.6380,34.0696
2021-08-11,3.1700,4.7120,2.8841,1.6338,34.7322
2021-08-12,3.1600,4.7368,2.8566,1.6582,31.9161
2021-08-13,3.1400,4.7619,2.8792,1.6539,32.4682
2021-08-16,3.1600,4.7368,2.8943,1.6366,34.4009
2021-08-17,3.1300,4.7745,2.8819,1.6567,32.1369
2021-08-18,3.1800,4.6997,2.8494,1.6494,32.7443
2021-08-19,3.1400,4.7619,2.8395,1.6770,29.0999
2021-08-20,3.1400,4.7619,2.8520,1.6697,29.7626
2021-08-23,3.1400,4.7619,2.8672,1.6608,31.5848
2021-08-24,3.1400,4.7619,2.8522,1.6696,29.8730
2021-08-25,3.1400,4.7619,2.8547,1.6681,30.2043
2021-08-26,3.1400,4.7619,2.8848,1.6507,32.6891
2021-08-27,3.1300,4.7745,2.8698,1.6637,31.0326
2021-08-30,3.1200,4.7872,2.8505,1.6794,28.9895
2021-08-31,3.1600,4.7368,2.8450,1.6650,30.8117
2021-09-01,3.1900,4.6875,2.8226,1.6607,31.6952
2021-09-02,3.2100,4.6632,2.8301,1.6477,32.7996
2021-09-03,3.2100,4.6511,2.8327,1.6419,33.6278
2021-09-06,3.2300,4.6272,2.8354,1.6319,35.0635
2021-09-07,3.2500,4.6036,2.8604,1.6094,36.7753
2021-09-08,3.2900,4.5454,2.8705,1.5835,39.1496
2021-09-09,3.3000,4.5340,2.8730,1.5781,39.7018
2021-09-10,3.3300,4.4887,2.8656,1.5664,40.9718
2021-09-13,3.3300,4.4887,2.8908,1.5528,42.9597
2021-09-14,3.2700,4.5685,2.8858,1.5831,39.2049
2021-09-15,3.3100,4.5226,2.9009,1.5590,42.1314
2021-09-16,3.2800,4.5569,2.8885,1.5776,39.7570
2021-09-17,3.2500,4.6036,2.8785,1.5993,37.8244
2021-09-22,3.2400,4.6154,2.8639,1.6116,36.6648
2021-09-23,3.2800,4.5569,2.8565,1.5953,38.2109
2021-09-24,3.2200,4.6391,2.8719,1.6153,36.3335
2021-09-27,3.1900,4.6875,2.8825,1.6262,35.5052
2021-09-28,3.2100,4.6511,2.8769,1.6167,36.2231
2021-09-29,3.2000,4.6753,2.8646,1.6321,35.0083
2021-09-30,3.1800,4.6997,2.8776,1.6332,34.8978
2021-10-08,3.2300,4.6272,2.9131,1.5884,38.5422
2021-10-11,3.2600,4.5918,2.9580,1.5523,43.0149
2021-10-12,3.2300,4.6272,2.9657,1.5602,42.0210
2021-10-13,3.2200,4.6391,2.9578,1.5684,40.8062
2021-10-14,3.2100,4.6511,2.9581,1.5723,40.0883
2021-10-15,3.2100,4.6632,2.9683,1.5710,40.3092
2021-10-18,3.2200,4.6391,3.0426,1.5247,45.4997
2021-10-19,3.2400,4.6153,3.0102,1.5332,44.6162
2021-10-20,3.2300,4.6272,2.9978,1.5435,43.6223
2021-10-21,3.2800,4.5569,2.9702,1.5342,44.4506
2021-10-22,3.2700,4.5685,2.9953,1.5252,45.4445
2021-10-25,3.2600,4.5918,2.9879,1.5368,44.0641
2021-10-26,3.2600,4.5918,2.9780,1.5419,43.7327
2021-10-27,3.2000,4.6753,2.9781,1.5699,40.4749
2021-10-28,3.1700,4.7120,2.9682,1.5875,38.6527
2021-10-29,3.1700,4.7120,2.9732,1.5848,38.9840
2021-11-01,3.1700,4.7244,2.9435,1.6050,37.2722
2021-11-02,3.1200,4.8000,2.9259,1.6405,33.7383
2021-11-03,3.1200,4.8000,2.9385,1.6335,34.7874
2021-11-04,3.1100,4.8128,2.9261,1.6448,33.4070
2021-11-05,3.1000,4.8257,2.8911,1.6692,30.0939
2021-11-08,3.1000,4.8257,2.9013,1.6633,31.1982
2021-11-09,3.1000,4.8257,2.8988,1.6647,30.9221
2021-11-10,3.1200,4.8000,2.9139,1.6473,32.9100
2021-11-11,3.1400,4.7619,2.9365,1.6216,35.6709
2021-11-12,3.1200,4.7872,2.9391,1.6288,35.3948
2021-11-15,3.1200,4.7872,2.9269,1.6356,34.4561
2021-11-16,3.1200,4.7872,2.9244,1.6370,34.2904
2021-11-17,3.1300,4.7745,2.9295,1.6298,35.2844
2021-11-18,3.1200,4.8000,2.9146,1.6469,32.9652
2021-11-19,3.1300,4.7745,2.9302,1.6294,35.3396
2021-11-22,3.1200,4.7872,2.8876,1.6578,32.0265
2021-11-23,3.1200,4.7872,2.8875,1.6579,31.9713
2021-11-24,3.1300,4.7745,2.8600,1.6694,29.9282
2021-11-25,3.1400,4.7619,2.8550,1.6679,30.2595
2021-11-26,3.1300,4.7745,2.8200,1.6931,28.2717
2021-11-29,3.1200,4.7872,2.8250,1.6946,28.0784
2021-11-30,3.1200,4.7872,2.8250,1.6946,28.0784
2021-12-01,3.1400,4.7619,2.8401,1.6767,29.1552
2021-12-02,3.1300,4.7745,2.8601,1.6693,29.9834
2021-12-03,3.1300,4.7745,2.8701,1.6635,31.0878
2021-12-06,3.1300,4.7745,2.8176,1.6945,28.1612
2021-12-07,3.1400,4.7619,2.8451,1.6737,29.3208
2021-12-08,3.1400,4.7619,2.8551,1.6679,30.3147
2021-12-09,3.1700,4.7244,2.8526,1.6562,32.2474
2021-12-10,3.1600,4.7368,2.8426,1.6664,30.5632
2021-12-13,3.1500,4.7493,2.8552,1.6634,31.1430
2021-12-14,3.1400,4.7619,2.8477,1.6722,29.4865
2021-12-15,3.1500,4.7493,2.8502,1.6663,30.6461
2021-12-16,3.1700,4.7244,2.8577,1.6532,32.5787
2021-12-17,3.1600,4.7368,2.8512,1.6613,31.4743
2021-12-20,3.1700,4.7244,2.8533,1.6558,32.3026
2021-12-21,3.2400,4.6153,2.8508,1.6189,35.8366
2021-12-22,3.2100,4.6632,2.8303,1.6476,32.8548
2021-12-23,3.2000,4.6753,2.8143,1.6613,31.5295
2021-12-24,3.1800,4.6997,2.8203,1.6664,30.4804
2021-12-27,3.1800,4.6997,2.8128,1.6708,29.6521
2021-12-28,3.1900,4.6875,2.8004,1.6739,29.2656
2021-12-29,3.1700,4.7120,2.7854,1.6917,28.4373
2021-12-30,3.1800,4.6997,2.7654,1.6995,27.5538
2021-12-31,3.2000,4.6753,2.7754,1.6845,28.7686
2022-01-04,3.2200,4.6392,2.7855,1.6655,30.7565
2022-01-05,3.2200,4.6392,2.8045,1.6542,32.4130
2022-01-06,3.2200,4.6392,2.8205,1.6448,33.3517
2022-01-07,3.2400,4.6154,2.8181,1.6378,34.1800
2022-01-10,3.2600,4.5918,2.8056,1.6367,34.3457
2022-01-11,3.2800,4.5570,2.7957,1.6300,35.2292
2022-01-12,3.2700,4.5685,2.7957,1.6341,34.6770
2022-01-13,3.2700,4.5685,2.7858,1.6399,33.9039
2022-01-14,3.2200,4.6392,2.7935,1.6607,31.6400
2022-01-17,3.2400,4.6154,2.7860,1.6566,32.1922
2022-01-18,3.2800,4.5570,2.7415,1.6622,31.3639
2022-01-19,3.3900,4.4118,2.7314,1.6152,36.3887
2022-01-20,3.3900,4.4118,2.7271,1.6178,36.1679
2022-01-21,3.3600,4.4444,2.7100,1.6400,33.8487
2022-01-24,3.3500,4.4665,2.6751,1.6697,29.8178
2022-01-25,3.2700,4.5685,2.6979,1.6934,28.2165
2022-01-26,3.3200,4.5000,2.7146,1.6577,32.0817
2022-01-27,3.3100,4.5226,2.7348,1.6537,32.5235
2022-01-28,3.2800,4.5570,2.7021,1.6865,28.6030
2022-02-07,3.3600,4.4444,2.7256,1.6306,35.1187
2022-02-08,3.4100,4.3796,2.7227,1.6086,36.9409
2022-02-09,3.3900,4.4118,2.7328,1.6144,36.4440
2022-02-10,3.4200,4.3689,2.7328,1.5987,38.0453
2022-02-11,3.4200,4.3689,2.7891,1.5664,40.9166
2022-02-14,3.3700,4.4335,2.8018,1.5824,39.3705
2022-02-15,3.3600,4.4554,2.7968,1.5930,38.3214
2022-02-16,3.3800,4.4226,2.7892,1.5856,38.8183
2022-02-17,3.3600,4.4554,2.7799,1.6027,37.5483
2022-02-18,3.4100,4.3902,2.7975,1.5693,40.6957
2022-02-21,3.4100,4.3796,2.8300,1.5476,43.3462
2022-02-22,3.3900,4.4118,2.8200,1.5645,41.3584
2022-02-23,3.3500,4.4665,2.7900,1.6009,37.7140
2022-02-24,3.2800,4.5570,2.7875,1.6348,34.5665
2022-02-25,3.2700,4.5685,2.7750,1.6463,33.1309
2022-02-28,3.2500,4.6036,2.7750,1.6590,31.7504
2022-03-01,3.3000,4.5340,2.8025,1.6178,36.1126
2022-03-02,3.3000,4.5340,2.8175,1.6092,36.8305
2022-03-03,3.3600,4.4444,2.8300,1.5705,40.4197
2022-03-04,3.3100,4.5113,2.8125,1.6040,37.3827
2022-03-07,3.2900,4.5454,2.8126,1.6161,36.2783
2022-03-08,3.2200,4.6392,2.8276,1.6407,33.6830
2022-03-09,3.1600,4.7368,2.8426,1.6664,30.5632
2022-03-10,3.1900,4.6875,2.8502,1.6446,33.4622
2022-03-11,3.2300,4.6272,2.7902,1.6584,31.8056
2022-03-14,3.1600,4.7368,2.7677,1.7115,27.0569
2022-03-15,3.0500,4.9046,2.8177,1.7406,25.7869
2022-03-16,3.1100,4.8128,2.7952,1.7218,26.8912
2022-03-17,3.1000,4.8257,2.7876,1.7311,26.5599
2022-03-18,3.1100,4.8128,2.7927,1.7234,26.8360
2022-03-21,3.1400,4.7619,2.8127,1.6930,28.3269
2022-03-22,3.1700,4.7244,2.8302,1.6693,30.0387
2022-03-23,3.1700,4.7120,2.8302,1.6649,30.8669
2022-03-24,3.1400,4.7619,2.8052,1.6975,27.6643
2022-03-25,3.1700,4.7244,2.7972,1.6890,28.4925
2022-03-28,3.2600,4.5918,2.7903,1.6456,33.2413
2022-03-29,3.2700,4.5685,2.7853,1.6402,33.7935
2022-03-30,3.3500,4.4665,2.7703,1.6123,36.5544
2022-03-31,3.5700,4.1860,2.7878,1.5015,47.5428
2022-04-01,3.8100,3.9216,2.7743,1.4135,53.8377
2022-04-06,3.8200,3.9130,2.7604,1.4175,53.6168
2022-04-07,3.6300,4.1190,2.7394,1.5036,47.4324
2022-04-08,3.6500,4.1002,2.7529,1.4894,48.8680
2022-04-11,3.5600,4.1958,2.7680,1.5158,46.3280
2022-04-12,3.6100,4.1379,2.7705,1.4936,48.3711
2022-04-13,3.5700,4.1860,2.7631,1.5150,46.5489
2022-04-14,3.6100,4.1475,2.7656,1.4997,47.8189
2022-04-15,3.6700,4.0724,2.7578,1.4767,49.9724
2022-04-18,3.5100,4.2654,2.8107,1.5176,46.1623
2022-04-19,3.5600,4.2056,2.8208,1.4909,48.5919
2022-04-20,3.5000,4.2755,2.8330,1.5092,47.1563
2022-04-21,3.4100,4.3796,2.8259,1.5498,43.1806
2022-04-22,3.4700,4.3062,2.8409,1.5158,46.3832
2022-04-25,3.3100,4.5226,2.8160,1.6060,37.1066
2022-04-26,3.2400,4.6154,2.8260,1.6332,34.9531
2022-04-27,3.2700,4.5685,2.8411,1.6080,36.9961
2022-04-28,3.3000,4.5340,2.8486,1.5917,38.3766
2022-04-29,3.3100,4.5226,2.8386,1.5933,38.2662
2022-05-05,3.5600,4.1958,2.8282,1.4836,49.3098
2022-05-06,3.5200,4.2453,2.8273,1.5015,47.5980
2022-05-09,3.4600,4.3165,2.8154,1.5332,44.6715
2022-05-10,3.4800,4.2959,2.8089,1.5294,45.0028
2022-05-11,3.4400,4.3478,2.8240,1.5396,43.8984
2022-05-12,3.4800,4.2959,2.8055,1.5312,44.8923
2022-05-13,3.5000,4.4665,2.8140,1.5872,38.7079
2022-05-16,3.5900,4.3478,2.8216,1.5409,43.7880
2022-05-17,3.5800,4.3583,2.8178,1.5467,43.4567
2022-05-18,3.5800,4.3583,2.7801,1.5677,40.8614
2022-05-19,3.5500,4.4010,2.7774,1.5846,39.0392
2022-05-20,3.5900,4.3478,2.7900,1.5584,42.2419
2022-05-23,3.5200,4.4444,2.7675,1.6059,37.1618
2022-05-24,3.4400,4.5454,2.7650,1.6439,33.5174
2022-05-25,3.5500,4.4010,2.7575,1.5960,38.1557
2022-05-26,3.5900,4.3478,2.7100,1.6044,37.3274
2022-05-27,3.5300,4.4226,2.6974,1.6396,33.9591
2022-05-30,3.6200,4.3165,2.7225,1.5855,38.8736
2022-05-31,3.6000,4.3373,2.7426,1.5815,39.4809
2022-06-01,3.6800,4.2453,2.7551,1.5409,43.8432
2022-06-02,3.7400,4.1763,2.7601,1.5131,46.8802
2022-06-06,3.7600,4.1570,2.7776,1.4966,47.9845
2022-06-07,3.7500,4.1667,2.7576,1.5110,46.9906
2022-06-08,3.7100,4.2056,2.7661,1.5204,46.0519
2022-06-09,3.7700,4.1379,2.7576,1.5005,47.7084
2022-06-10,3.8000,4.1096,2.7526,1.4930,48.4263
2022-06-13,3.6900,4.2353,2.7652,1.5316,44.8371
2022-06-14,3.7800,4.1284,2.7702,1.4903,48.7576
2022-06-15,3.9600,3.9387,2.7827,1.4154,53.7824
2022-06-16,3.8300,4.0724,2.7728,1.4687,50.6350
2022-06-17,3.7800,4.1284,2.7752,1.4876,49.0337
2022-06-20,3.7400,4.1763,2.7853,1.4994,47.8741
2022-06-21,3.7100,4.2056,2.7853,1.5099,47.1010
2022-06-22,3.6800,4.2453,2.7773,1.5286,45.0580
2022-06-23,3.7700,4.1475,2.7803,1.4917,48.4815
2022-06-24,3.6900,4.2353,2.7978,1.5138,46.7697
2022-06-27,3.7100,4.2056,2.8329,1.4846,49.1441
2022-06-28,3.7300,4.1860,2.8414,1.4732,50.4141
2022-06-29,3.7000,4.2154,2.8294,1.4899,48.8128
2022-06-30,3.9300,3.9735,2.8205,1.4088,53.9481
2022-07-01,3.8600,4.0449,2.8255,1.4316,52.9542
2022-07-04,3.8100,4.1002,2.8445,1.4414,52.4020
2022-07-05,3.8300,4.0724,2.8333,1.4373,52.6781
2022-07-06,3.8300,4.0724,2.8356,1.4362,52.7885
2022-07-07,3.9400,3.9647,2.8356,1.3982,54.3346
2022-07-08,3.9500,3.9560,2.8384,1.3937,54.6659
2022-07-11,4.0000,3.9045,2.8266,1.3813,55.1629
2022-07-12,4.1100,3.7975,2.8117,1.3506,57.0955
2022-07-13,4.0000,3.9045,2.8067,1.3911,54.9420
2022-07-14,3.9800,3.9216,2.7907,1.4052,54.0585
2022-07-15,3.9500,3.9560,2.7857,1.4201,53.5064
2022-07-18,4.0300,3.8793,2.7837,1.3936,54.7211
2022-07-19,4.0800,3.8298,2.7859,1.3747,55.4942
2022-07-20,4.2400,3.6810,2.7710,1.3284,57.8686
2022-07-21,4.1200,3.7895,2.7635,1.3713,55.6599
2022-07-22,4.1900,3.7267,2.7870,1.3372,57.6477
2022-07-25,4.2300,3.6885,2.7790,1.3273,57.9790
2022-07-26,4.3100,3.6217,2.7700,1.3075,59.0834
2022-07-27,4.2900,3.6364,2.7701,1.3127,58.6969
2022-07-28,4.2600,3.6660,2.7850,1.3163,58.5864
2022-07-29,4.2300,3.6885,2.7560,1.3384,57.5373
2022-08-01,4.2100,3.7113,2.7292,1.3598,56.3777
2022-08-02,4.0900,3.8135,2.7314,1.3962,54.6107
2022-08-03,4.0900,3.8216,2.7218,1.4041,54.1137
2022-08-04,3.9800,3.9216,2.7192,1.4422,52.3468
2022-08-05,4.0200,3.8877,2.7339,1.4220,53.3407
2022-08-08,3.9900,3.9130,2.7409,1.4276,53.1750
2022-08-09,4.0100,3.8961,2.7400,1.4219,53.3959
2022-08-10,3.9800,3.9216,2.7366,1.4330,52.8990
2022-08-11,4.0100,3.8961,2.7317,1.4263,53.2855
2022-08-12,3.9500,3.9560,2.7347,1.4466,52.0707
2022-08-15,3.8300,4.0816,2.6582,1.5355,44.2297
2022-08-16,3.9600,3.9386,2.6346,1.4950,48.1502
2022-08-17,3.9700,3.9300,2.6124,1.5044,47.3771
2022-08-18,3.8900,4.0178,2.5800,1.5573,42.3523
2022-08-19,3.8800,4.0268,2.5875,1.5563,42.4627
2022-08-22,3.8300,4.0723,2.5925,1.5708,40.3644
2022-08-23,3.8300,4.0815,2.6075,1.5653,41.2479
2022-08-24,3.7300,4.1860,2.6100,1.6038,37.4379
2022-08-25,3.7900,4.1189,2.6390,1.5608,41.9658
2022-08-26,3.8600,4.0449,2.6430,1.5304,44.9475
2022-08-29,3.7800,4.1284,2.6225,1.5742,40.0331
2022-08-30,3.8700,4.0358,2.6130,1.5445,43.5671
2022-08-31,3.8300,4.0723,2.6225,1.5528,42.9045
2022-09-01,3.8200,4.0908,2.6125,1.5659,41.0271
2022-09-02,3.8600,4.0449,2.6226,1.5423,43.6775
2022-09-05,3.9400,3.9647,2.6180,1.5144,46.7145
2022-09-06,3.9200,3.9822,2.6140,1.5234,45.7206
2022-09-07,3.8900,4.0178,2.6215,1.5326,44.7267
2022-09-08,3.9500,3.9560,2.6256,1.5067,47.2667
2022-09-09,3.9600,3.9386,2.6350,1.4947,48.3158
2022-09-13,3.9600,3.9386,2.6427,1.4904,48.6472
2022-09-14,3.9400,3.9647,2.6625,1.4891,48.9785
2022-09-15,3.9200,3.9822,2.6625,1.4957,48.0950
2022-09-16,3.8300,4.0815,2.6730,1.5269,45.1132
2022-09-19,3.8800,4.0268,2.6750,1.5053,47.3219
2022-09-20,3.8200,4.0908,2.6640,1.5356,44.1745
2022-09-21,3.9000,4.0088,2.6451,1.5156,46.4384
2022-09-22,3.9300,3.9734,2.6501,1.4993,47.9293
2022-09-23,3.8800,4.0268,2.6802,1.5024,47.4876
2022-09-26,3.7500,4.1666,2.7154,1.5344,44.3954
2022-09-27,3.7800,4.1284,2.7051,1.5262,45.2789
2022-09-28,3.7700,4.1474,2.7401,1.5136,46.8250
2022-09-29,3.7300,4.1860,2.7501,1.5221,45.8310
2022-09-30,3.7200,4.1957,2.7601,1.5201,46.1071
2022-10-10,3.6800,4.2452,2.7402,1.5492,43.2358
2022-10-11,3.7100,4.2055,2.7426,1.5334,44.5610
2022-10-12,3.8400,4.0631,2.7352,1.4855,49.0889
2022-10-13,3.7800,4.1284,2.7252,1.5149,46.6041
2022-10-14,3.9000,3.9999,2.6977,1.4827,49.4202
2022-10-17,3.9600,3.9473,2.7002,1.4619,51.0768
2022-10-18,3.9200,3.9822,2.7002,1.4748,50.2485
2022-10-19,3.9000,4.0088,2.7052,1.4819,49.5306
2022-10-20,3.8800,4.0268,2.7175,1.4818,49.5859
2022-10-21,3.8300,4.0815,2.7278,1.4963,48.0398
2022-10-24,3.7100,4.2055,2.7153,1.5488,43.2910
2022-10-25,3.6200,4.3165,2.7278,1.5824,39.3153
2022-10-26,3.3800,4.6153,2.7025,1.7078,27.2225
2022-10-27,3.3100,4.7119,2.6953,1.7482,25.3451
2022-10-28,3.2200,4.8517,2.6653,1.8203,19.6576
2022-10-31,3.2300,4.8386,2.6433,1.8305,18.1115
2022-11-01,3.2600,4.7871,2.6629,1.7977,21.9216
2022-11-02,3.2500,4.7999,2.6854,1.7874,23.0812
2022-11-03,3.2400,4.8127,2.6776,1.7974,21.9768
2022-11-04,3.3200,4.6996,2.7023,1.7391,25.9525
2022-11-07,3.3100,4.7119,2.7003,1.7450,25.5660
2022-11-08,3.3000,4.7367,2.6853,1.7639,24.7377
2022-11-09,3.3200,4.6996,2.6953,1.7436,25.6212
2022-11-10,3.3300,4.6874,2.7028,1.7343,26.3390
2022-11-11,3.3900,4.6035,2.7354,1.6829,28.8791
2022-11-14,3.4200,4.5684,2.8354,1.6112,36.7200
2022-11-15,3.4500,4.5225,2.8155,1.6063,37.0514
2022-11-16,3.4300,4.5569,2.8329,1.6086,36.8857
2022-11-17,3.4200,4.5684,2.8026,1.6301,35.1739
2022-11-18,3.3700,4.6272,2.8250,1.6379,34.1248
2022-11-21,3.3500,4.6631,2.8180,1.6548,32.3578
2022-11-22,3.4100,4.5801,2.8276,1.6198,35.7813
2022-11-23,3.4100,4.5801,2.7975,1.6372,34.2352
2022-11-24,3.4100,4.5801,2.7950,1.6387,34.0144
2022-11-25,3.5000,4.4554,2.8300,1.5743,39.9779
2022-11-28,3.4500,4.5225,2.8600,1.5813,39.5914
2022-11-29,3.5600,4.3902,2.8800,1.5244,45.5549
2022-11-30,3.5200,4.4334,2.8850,1.5367,44.1193
2022-12-01,3.5000,4.4664,2.8600,1.5617,41.7449
2022-12-02,3.4800,4.4887,2.8676,1.5653,41.1927
2022-12-05,3.5400,4.4117,2.8902,1.5264,45.1684
2022-12-06,3.5300,4.4225,2.9152,1.5170,46.2728
2022-12-07,3.5000,4.4664,2.8702,1.5561,42.5732
2022-12-08,3.5500,4.4009,2.8853,1.5253,45.3893
2022-12-09,3.5400,4.4117,2.8903,1.5264,45.2236
2022-12-12,3.4800,4.4887,2.8902,1.5531,42.8493
2022-12-13,3.5400,4.4117,2.8952,1.5238,45.6654
2022-12-14,3.5200,4.4334,2.8655,1.5472,43.4014
2022-12-15,3.4900,4.4775,2.8829,1.5531,42.7940
2022-12-16,3.4900,4.4775,2.8856,1.5517,43.0701
2022-12-19,3.4100,4.5801,2.8632,1.5996,37.7692
2022-12-20,3.4300,4.5569,2.8732,1.5860,38.7631
2022-12-21,3.4400,4.5454,2.8606,1.5890,38.4318
2022-12-22,3.3700,4.6391,2.8503,1.6276,35.4500
2022-12-23,3.3600,4.6511,2.8251,1.6463,33.0756
2022-12-26,3.3300,4.6874,2.8378,1.6518,32.6339
2022-12-27,3.4000,4.5917,2.8657,1.6023,37.6035
2022-12-28,3.4300,4.5569,2.8503,1.5987,37.9901
2022-12-29,3.4300,4.5569,2.8376,1.6059,37.2170
2022-12-30,3.4400,4.5339,2.8353,1.5991,37.9348
2023-01-03,3.4600,4.5112,2.8228,1.5981,38.1005
2023-01-04,3.5700,4.3795,2.8103,1.5584,42.1866
2023-01-05,3.5300,4.4225,2.8304,1.5625,41.6897
2023-01-06,3.5100,4.4444,2.8328,1.5689,40.7510
2023-01-09,3.5000,4.4664,2.8428,1.5711,40.2540
2023-01-10,3.4600,4.5112,2.8602,1.5772,39.8123
2023-01-11,3.5000,4.4664,2.8603,1.5615,41.8553
2023-01-12,3.4700,4.4999,2.8778,1.5637,41.4136
2023-01-13,3.5100,4.4444,2.9010,1.5320,44.7819
2023-01-16,3.5400,4.4117,2.9167,1.5126,46.9354
2023-01-17,3.5300,4.4225,2.9017,1.5241,45.6102
2023-01-18,3.7400,4.1763,2.9222,1.4292,53.0094
2023-01-19,3.6800,4.2452,2.9145,1.4566,51.4633
2023-01-20,3.6700,4.2552,2.9331,1.4508,51.8498
2023-01-30,3.6400,4.2856,2.9133,1.4710,50.5798
2023-01-31,3.6400,4.2856,2.8977,1.4790,49.7515
2023-02-01,3.6800,4.2452,2.9101,1.4588,51.2424
2023-02-02,3.6400,4.2856,2.8970,1.4793,49.6963
2023-02-03,3.6100,4.3268,2.8943,1.4949,48.2054
2023-02-06,3.6000,4.3373,2.9017,1.4947,48.2606
2023-02-07,3.6200,4.3165,2.8964,1.4903,48.7024
2023-02-08,3.5900,4.3477,2.8973,1.5006,47.6532
2023-02-09,3.6500,4.2755,2.8912,1.4788,49.8067
2023-02-10,3.6700,4.2552,2.9003,1.4672,50.8007
2023-02-13,3.6400,4.2959,2.8943,1.4843,49.2546
2023-02-14,3.6700,4.2552,2.8914,1.4717,50.5246
2023-02-15,3.6400,4.2856,2.8918,1.4820,49.4754
2023-02-16,3.6000,4.3373,2.8907,1.5004,47.7637
2023-02-17,3.5700,4.3689,2.8920,1.5107,47.0458
2023-02-20,3.6500,4.2755,2.9170,1.4657,50.9111
2023-02-21,3.6600,4.2653,2.9190,1.4612,51.1872
2023-02-22,3.6400,4.2959,2.9175,1.4725,50.4694
2023-02-23,3.7100,4.2055,2.9220,1.4393,52.5676
2023-02-24,3.7100,4.2055,2.9126,1.4439,52.2363
2023-02-27,3.6800,4.2452,2.9117,1.4580,51.3528
2023-02-28,3.7000,4.2154,2.9017,1.4527,51.7394
2023-03-01,3.7100,4.2055,2.8977,1.4513,51.7946
2023-03-02,3.7300,4.1860,2.9111,1.4379,52.6229
2023-03-03,3.7500,4.1666,2.9026,1.4355,52.8437
2023-03-06,3.7000,4.2154,2.8826,1.4624,51.0215
2023-03-07,3.7000,4.2154,2.8726,1.4675,50.7454
2023-03-08,3.7000,4.2253,2.8828,1.4657,50.9663
2023-03-09,3.6800,4.2452,2.8752,1.4765,50.0276
2023-03-10,3.6000,4.3373,2.8627,1.5151,46.4936
2023-03-13,3.5900,4.3477,2.8703,1.5147,46.6593
2023-03-14,3.5100,4.4444,2.8652,1.5512,43.1253
2023-03-15,3.5800,4.3583,2.8652,1.5211,45.9967
2023-03-16,3.5900,4.3477,2.8552,1.5227,45.7758
2023-03-17,3.6200,4.3165,2.8602,1.5092,47.2115
2023-03-20,3.5900,4.3477,2.8504,1.5253,45.3341
2023-03-21,3.5600,4.3902,2.8604,1.5348,44.3401
2023-03-22,3.5900,4.3477,2.8577,1.5214,45.8863
2023-03-23,3.5900,4.3477,2.8652,1.5174,46.2176
2023-03-24,3.5400,4.4117,2.8676,1.5385,43.9536
2023-03-27,3.5100,4.4444,2.8551,1.5567,42.4075
2023-03-28,3.5000,4.4554,2.8556,1.5602,42.0762
2023-03-29,3.4600,4.5112,2.8532,1.5811,39.6466
2023-03-30,3.4900,4.4775,2.8603,1.5654,41.0823
2023-03-31,3.4600,4.5112,2.8528,1.5813,39.5362
2023-04-03,3.4900,4.4775,2.8604,1.5653,41.1375
2023-04-04,3.5000,4.4664,2.8584,1.5626,41.6345
2023-04-06,3.4600,4.5112,2.8605,1.5771,39.8675
2023-04-07,3.4800,4.4887,2.8464,1.5770,39.9227
2023-04-10,3.4600,4.5112,2.8455,1.5854,38.9288
2023-04-11,3.4200,4.5684,2.8203,1.6198,35.7261
2023-04-12,3.4300,4.5569,2.8158,1.6183,36.0574
2023-04-13,3.4400,4.5339,2.8277,1.6034,37.4931
2023-04-14,3.4500,4.5225,2.8281,1.5991,37.8796
2023-04-17,3.5100,4.4444,2.8432,1.5632,41.5240
2023-04-18,3.5500,4.4009,2.8319,1.5540,42.6284
2023-04-19,3.5700,4.3795,2.8333,1.5457,43.5119
2023-04-20,3.5800,4.3583,2.8332,1.5383,44.0088
2023-04-21,3.5300,4.4225,2.8258,1.5650,41.3031
2023-04-24,3.5300,4.4225,2.8176,1.5696,40.5301
2023-04-25,3.5500,4.4009,2.8157,1.5630,41.5792
2023-04-26,3.5700,4.3795,2.8058,1.5609,41.9105
2023-04-27,3.6100,4.3268,2.7852,1.5535,42.7388
2023-04-28,3.5400,4.4117,2.7788,1.5876,38.5975
2023-05-04,3.6200,4.3165,2.7613,1.5632,41.4688
2023-05-05,3.6100,4.3268,2.7338,1.5827,39.2601
2023-05-08,3.7000,4.2154,2.7484,1.5338,44.5058
2023-05-09,3.6700,4.2552,2.7383,1.5540,42.6836
2023-05-10,3.5800,4.3583,2.7210,1.6017,37.6588
2023-05-11,3.5800,4.3583,2.7010,1.6136,36.4992
2023-05-12,3.5600,4.3902,2.7058,1.6225,35.6157
2023-05-15,3.5500,4.4009,2.7190,1.6186,36.0022
2023-05-16,3.5200,4.4334,2.7129,1.6342,34.6218
2023-05-17,3.5100,4.4444,2.7210,1.6334,34.8426
2023-05-18,3.5500,4.4009,2.7184,1.6189,35.8918
2023-05-19,3.5000,4.4664,2.7151,1.6450,33.2965
2023-05-22,3.5000,4.4664,2.7132,1.6462,33.1861
2023-05-23,3.4700,4.4999,2.6962,1.6690,30.1491
2023-05-24,3.4700,4.4999,2.7037,1.6643,30.9774
2023-05-25,3.4400,4.5339,2.7065,1.6752,29.2104
2023-05-26,3.4600,4.5112,2.7205,1.6582,31.8609
2023-05-29,3.4700,4.4999,2.6950,1.6697,29.7073
2023-05-30,3.4700,4.4999,2.7000,1.6666,30.4252
2023-05-31,3.4600,4.5112,2.6850,1.6801,28.9343
2023-06-01,3.4500,4.5225,2.6825,1.6859,28.6582
2023-06-02,3.4800,4.4887,2.6951,1.6655,30.7013
2023-06-05,3.4900,4.4775,2.6926,1.6629,31.2535
2023-06-06,3.4800,4.4887,2.6826,1.6733,29.4313
2023-06-07,3.5000,4.6752,2.6827,1.7427,25.6764
2023-06-08,3.5600,4.5918,2.6822,1.7120,27.0017
2023-06-09,3.5300,4.6391,2.6703,1.7373,26.1182
2023-06-12,3.4900,4.6874,2.6704,1.7553,25.0690
2023-06-13,3.4700,4.7120,2.6227,1.7966,22.1425
2023-06-14,3.4300,4.7618,2.6178,1.8190,19.8233
2023-06-15,3.4100,4.7999,2.6482,1.8125,20.4307
2023-06-16,3.4000,4.8127,2.6626,1.8075,20.9277
2023-06-19,3.3800,4.8386,2.6876,1.8003,21.6455
2023-06-20,3.3700,4.8517,2.6751,1.8137,20.3203
2023-06-21,3.3600,4.8648,2.6701,1.8220,19.4368
2023-06-26,3.2900,4.9723,2.6677,1.8639,14.0806
2023-06-27,3.3300,4.9045,2.6676,1.8385,17.4489
2023-06-28,3.3300,4.9045,2.6651,1.8403,17.0624
2023-06-29,3.3200,4.9314,2.6526,1.8591,14.6880
2023-06-30,3.3500,4.8780,2.6351,1.8512,15.6819
2023-07-03,3.4000,4.8127,2.6402,1.8229,19.1055
2023-07-04,3.3700,4.8517,2.6477,1.8324,18.0011
2023-07-05,3.3700,4.8517,2.6402,1.8376,17.5594
2023-07-06,3.3400,4.8912,2.6392,1.8533,15.4059
2023-07-07,3.3600,4.8648,2.6403,1.8425,16.8691
2023-07-10,3.3600,4.8648,2.6403,1.8425,16.8691
2023-07-11,3.3800,4.8386,2.6353,1.8361,17.6698
2023-07-12,3.3600,4.8648,2.6378,1.8443,16.4550
2023-07-13,3.4000,4.8127,2.6413,1.8221,19.3816
2023-07-14,3.3800,4.8386,2.6444,1.8298,18.2220
2023-07-17,3.3600,4.8648,2.6364,1.8452,16.2341
2023-07-18,3.3900,4.8256,2.6234,1.8394,17.2833
2023-07-19,3.3900,4.8256,2.6233,1.8395,17.2281
2023-07-20,3.3800,4.8386,2.6214,1.8458,16.1789
2023-07-21,3.4100,4.7999,2.6079,1.8405,16.9520
2023-07-24,3.3900,4.8256,2.5934,1.8607,14.4119
2023-07-25,3.4400,4.7493,2.6630,1.7834,23.4677
2023-07-26,3.4300,4.7618,2.6430,1.8017,21.5351
2023-07-27,3.4500,4.7368,2.6395,1.7946,22.4738
2023-07-28,3.5500,4.6035,2.6533,1.7350,26.2838
2023-07-31,3.6300,4.5112,2.6597,1.6961,27.8299
2023-08-01,3.6300,4.5112,2.6607,1.6955,27.8851
2023-08-02,3.6100,4.5339,2.6525,1.7093,27.1673
2023-08-03,3.6400,4.4887,2.6435,1.6980,27.6091
2023-08-04,3.6800,4.4444,2.6469,1.6791,29.0447
2023-08-07,3.6300,4.4999,2.6462,1.7005,27.4986
2023-08-08,3.6300,4.4999,2.6454,1.7010,27.4434
2023-08-09,3.6300,4.5112,2.6461,1.7048,27.3882
2023-08-10,3.6400,4.4887,2.6475,1.6954,27.9404
2023-08-11,3.5800,4.5684,2.6381,1.7317,26.5047
2023-08-14,3.5400,4.6153,2.6212,1.7608,25.0138
2023-08-15,3.5600,4.5918,2.5759,1.7826,23.6334
2023-08-16,3.5500,4.6035,2.5649,1.7948,22.4186
2023-08-17,3.5300,4.6391,2.5678,1.8066,21.0381
2023-08-18,3.5600,4.5918,2.5639,1.7909,22.8051
2023-08-21,3.5100,4.6631,2.5403,1.8356,17.7250
2023-08-22,3.5300,4.6272,2.5564,1.8100,20.7620
2023-08-23,3.5300,4.6272,2.5535,1.8121,20.5411
2023-08-24,3.4800,4.6997,2.5543,1.8399,17.1176
2023-08-25,3.5100,4.6631,2.5702,1.8143,20.2650
2023-08-28,3.5900,4.5569,2.5837,1.7637,24.7929
2023-08-29,3.4800,4.6997,2.5700,1.8287,18.4428
2023-08-30,3.3900,4.8256,2.5600,1.8850,12.3136
2023-08-31,3.3700,4.8517,2.5575,1.8970,11.7615
2023-09-01,3.3900,4.8256,2.5850,1.8668,13.7493
2023-09-04,3.4700,4.7120,2.6124,1.8037,21.2590
2023-09-05,3.4300,4.7744,2.6150,1.8258,18.9122
2023-09-06,3.4200,4.7871,2.6375,1.8150,20.2098
2023-09-07,3.4200,4.7871,2.6350,1.8167,19.8785
2023-09-08,3.4300,4.7744,2.6375,1.8102,20.7068
2023-09-11,3.4500,4.7368,2.6300,1.8011,21.5903
2023-09-12,3.4300,4.7618,2.6230,1.8154,20.0994
2023-09-13,3.4300,4.7744,2.6150,1.8258,18.9122
2023-09-14,3.4400,4.7493,2.6075,1.8214,19.4920
2023-09-15,3.4500,4.7368,2.6400,1.7942,22.5290
2023-09-18,3.4600,4.7243,2.6500,1.7828,23.5781
2023-09-19,3.4700,4.7120,2.6625,1.7698,24.5168
2023-09-20,3.4800,4.6997,2.6650,1.7635,24.8482
2023-09-21,3.4800,4.6997,2.6576,1.7684,24.5721
2023-09-22,3.4900,4.6874,2.6776,1.7506,25.2347
2023-09-25,3.4900,4.6874,2.6976,1.7376,26.0077
2023-09-26,3.4900,4.6874,2.6951,1.7392,25.8973
2023-09-27,3.4700,4.7120,2.6877,1.7532,25.1795
2023-09-28,3.4700,4.7120,2.6751,1.7614,24.9586
2023-10-09,3.4300,4.7744,2.6702,1.7880,22.9707
2023-10-10,3.4200,4.7871,2.6811,1.7855,23.3573
2023-10-11,3.3600,4.8648,2.6976,1.8034,21.3694
2023-10-12,3.4000,4.8127,2.6911,1.7884,22.9155
2023-10-13,3.3800,4.8386,2.6702,1.8121,20.5964
2023-10-16,3.4100,4.7999,2.6777,1.7925,22.6946
2023-10-17,3.4300,4.7744,2.6882,1.7761,23.9647
2023-10-18,3.4100,4.7999,2.7052,1.7743,24.2408
2023-10-19,3.3000,4.9586,2.7177,1.8246,19.0502
2023-10-20,3.3100,4.9450,2.7052,1.8280,18.5533
2023-10-23,3.2400,5.0419,2.7047,1.8641,14.0254
2023-10-24,3.2600,5.0138,2.7177,1.8449,16.2893
2023-10-25,3.2800,4.9861,2.7052,1.8432,16.6759
2023-10-26,3.3000,4.9586,2.7152,1.8262,18.8294
2023-10-27,3.3100,4.9450,2.7133,1.8225,19.2159
2023-10-30,3.2900,4.9723,2.7141,1.8320,18.0563
2023-10-31,3.3300,4.9045,2.6938,1.8207,19.5472
2023-11-01,3.3200,4.9314,2.6853,1.8364,17.6146
2023-11-02,3.3200,4.9314,2.6553,1.8572,15.0745
2023-11-03,3.3100,4.9450,2.6613,1.8581,14.9641
2023-11-06,3.3300,4.9045,2.6554,1.8470,16.0685
2023-11-07,3.3300,4.9179,2.6632,1.8466,16.1237
2023-11-08,3.3200,4.9314,2.6464,1.8634,14.1911
2023-11-09,3.3100,4.9450,2.6494,1.8665,13.8045
2023-11-10,3.2800,4.9861,2.6444,1.8855,12.2032
2023-11-13,3.2900,4.9723,2.6454,1.8796,12.6449
2023-11-14,3.3000,4.9586,2.6573,1.8660,13.8597
2023-11-15,3.3100,4.9450,2.6633,1.8567,15.1298
2023-11-16,3.3000,4.9586,2.6558,1.8671,13.6941
2023-11-17,3.2800,4.9861,2.6524,1.8798,12.5897
2023-11-20,3.2900,4.9723,2.6584,1.8704,13.3628
2023-11-21,3.3000,4.9586,2.6684,1.8583,14.9089
2023-11-22,3.2800,4.9861,2.6823,1.8589,14.8537
2023-11-23,3.3000,4.9586,2.7023,1.8350,17.7802
2023-11-24,3.3100,4.9450,2.7053,1.8279,18.6085
2023-11-27,3.2800,4.9861,2.7108,1.8393,17.3385
2023-11-28,3.2800,4.9861,2.6898,1.8537,15.2954
2023-11-29,3.2500,5.0278,2.6826,1.8742,13.0867
2023-11-30,3.2400,5.0419,2.6680,1.8898,12.1480
2023-12-01,3.2700,4.9999,2.6625,1.8779,12.7554
2023-12-04,3.2600,5.0138,2.6725,1.8761,12.8658
2023-12-05,3.2200,5.0847,2.6650,1.9080,11.2645
2023-12-06,3.2200,5.0847,2.6725,1.9026,11.3197
2023-12-07,3.2300,5.0561,2.6640,1.8979,11.5958
2023-12-08,3.2300,5.0561,2.6636,1.8982,11.5406
2023-12-11,3.2600,5.0138,2.6440,1.8963,11.8719
2023-12-12,3.2800,4.9861,2.6375,1.8905,12.0928
2023-12-13,3.2600,5.0138,2.6226,1.9118,11.0988
2023-12-14,3.2600,5.0138,2.6376,1.9009,11.3749
2023-12-15,3.2400,5.0419,2.6227,1.9224,10.8227
2023-12-18,3.2300,5.0561,2.6126,1.9353,10.4362
2023-12-19,3.2200,5.0847,2.6191,1.9414,10.2154
2023-12-20,3.2000,5.1135,2.6222,1.9501,9.9945
2023-12-21,3.1700,5.1575,2.5901,1.9912,8.2827
2023-12-22,3.1600,5.1723,2.5877,1.9988,8.1723
2023-12-25,3.1500,5.1872,2.5678,2.0201,7.7858
2023-12-26,3.1500,5.1872,2.5804,2.0102,8.0066
2023-12-27,3.1800,5.1428,2.5577,2.0107,7.9514
2023-12-28,3.2300,5.0703,2.5694,1.9733,9.1110
2023-12-29,3.2300,5.0703,2.5553,1.9842,8.6140
2024-01-02,3.2400,5.0420,2.5601,1.9695,9.3871
2024-01-03,3.2700,5.0000,2.5531,1.9584,9.8288
2024-01-04,3.2700,5.0000,2.5368,1.9710,9.3319
2024-01-05,3.3100,4.9450,2.5175,1.9643,9.5527
2024-01-08,3.3000,4.9586,2.5136,1.9727,9.2766
2024-01-09,3.3200,4.9315,2.4862,1.9835,8.6692
2024-01-10,3.3200,4.9315,2.4982,1.9740,9.0006
2024-01-11,3.3200,4.9315,2.4992,1.9732,9.1662
2024-01-12,3.3700,4.8517,2.5172,1.9274,10.7675
2024-01-15,3.3900,4.8257,2.5212,1.9140,10.9884
2024-01-16,3.4300,4.4699,2.5252,1.7701,24.4064
2024-01-17,3.4100,4.5057,2.5077,1.7967,22.0872
2024-01-18,3.3900,4.5299,2.5092,1.8053,21.2038
2024-01-19,3.3500,4.5790,2.5027,1.8296,18.2772
2024-01-22,3.2500,4.7196,2.4922,1.8937,11.9823
2024-01-23,3.2800,4.6804,2.5042,1.8690,13.4732
2024-01-24,3.3300,4.6165,2.5042,1.8435,16.5654
2024-01-25,3.3300,4.6039,2.4984,1.8427,16.7311
2024-01-26,3.4000,4.5177,2.4994,1.8075,20.9829
2024-01-29,3.3900,4.5299,2.4940,1.8163,19.9337
2024-01-30,3.3300,4.3281,2.4557,1.7625,24.9034
2024-01-31,3.3200,4.3518,2.4330,1.7887,22.8603
2024-02-01,3.3000,4.3758,2.4354,1.7967,22.0320
2024-02-02,3.2700,4.4122,2.4244,1.8199,19.7129
2024-02-05,3.2300,4.4618,2.4002,1.8589,14.7985
2024-02-06,3.3700,4.2814,2.4525,1.7457,25.5108
2024-02-07,3.4300,4.2021,2.4153,1.7398,25.8421
2024-02-08,3.4200,4.2245,2.4379,1.7328,26.4495
2024-02-19,3.4200,4.2245,2.4344,1.7353,26.2286
2024-02-20,3.4300,4.2021,2.4134,1.7412,25.7316
2024-02-21,3.5000,4.1257,2.4119,1.7106,27.1121
2024-02-22,3.4900,4.1365,2.4033,1.7212,26.9464
2024-02-23,3.4800,4.1473,2.4009,1.7274,26.6151
2024-02-26,3.4100,4.2358,2.3789,1.7806,23.7438
2024-02-27,3.4200,4.2245,2.3809,1.7743,24.1855
2024-02-28,3.3800,4.2699,2.3376,1.8266,18.7742
2024-02-29,3.4100,4.2358,2.3375,1.8121,20.4859
2024-03-01,3.3800,4.2699,2.3675,1.8035,21.3142
2024-03-04,3.3300,4.3281,2.3475,1.8437,16.5102
2024-03-05,3.3500,4.3046,2.3169,1.8579,15.0193
2024-03-06,3.3500,4.3046,2.2650,1.9005,11.4301
2024-03-07,3.3800,4.2699,2.2776,1.8747,12.9210
2024-03-08,3.3900,4.2585,2.2825,1.8657,13.9150
2024-03-11,3.3800,4.2699,2.3050,1.8525,15.5715
2024-03-12,3.3600,4.2930,2.3476,1.8287,18.4981
2024-03-13,3.3300,4.3281,2.3326,1.8555,15.1850
2024-03-14,3.3300,4.3281,2.3425,1.8476,16.0133
2024-03-15,3.3500,4.3046,2.3200,1.8554,15.2402
2024-03-18,3.3700,4.2814,2.2926,1.8675,13.6389
2024-03-19,3.3400,4.3163,2.2801,1.8930,12.0375
2024-03-20,3.3600,4.2930,2.2951,1.8705,13.3076
2024-03-21,3.3800,4.2699,2.2851,1.8686,13.5284
2024-03-22,3.3400,4.3163,2.3051,1.8725,13.1419
2024-03-25,3.3500,4.3046,2.3151,1.8594,14.6328
2024-03-26,3.4100,4.2358,2.3175,1.8277,18.6637
2024-03-27,3.3900,4.2585,2.2876,1.8616,14.3567
2024-03-28,3.3400,4.3163,2.3026,1.8745,13.0315
2024-03-29,3.3600,4.2930,2.2901,1.8746,12.9763
2024-04-01,3.5100,4.1150,2.3082,1.7828,23.5229
2024-04-02,3.5100,4.1150,2.2927,1.7948,22.3633
2024-04-03,3.5000,4.1257,2.2837,1.8066,21.0933
2024-04-08,3.5100,4.1150,2.2822,1.8031,21.4246
2024-04-09,3.5300,4.0938,2.2802,1.7954,22.2529
2024-04-10,3.5200,4.1044,2.2972,1.7867,23.2468
2024-04-11,3.5000,4.1257,2.2928,1.7994,21.7559
2024-04-12,3.4800,4.1473,2.2837,1.8160,19.9890
2024-04-15,3.5000,4.1257,2.2798,1.8097,20.8172
2024-04-16,3.4400,4.1910,2.2723,1.8444,16.3998
2024-04-17,3.5200,4.1044,2.2608,1.8155,20.0442
2024-04-18,3.5600,4.0521,2.2537,1.7980,21.8112
2024-04-19,3.5600,4.0521,2.2540,1.7977,21.8664
2024-04-22,3.5300,4.0938,2.2435,1.8247,18.9950
2024-04-23,3.5300,4.0938,2.2260,1.8391,17.3937
2024-04-24,3.5000,4.1257,2.2727,1.8153,20.1546
2024-04-25,3.5500,4.0624,2.2612,1.7966,22.1977
2024-04-26,3.5000,4.1257,2.3084,1.7873,23.1916
2024-04-29,3.5500,4.0624,2.3530,1.7265,26.6703
2024-04-30,3.5700,4.0417,2.3028,1.7551,25.1242
2024-05-06,3.5800,4.0315,2.3081,1.7467,25.4555
2024-05-07,3.5700,4.0417,2.2896,1.7652,24.6273
2024-05-08,3.5300,4.0833,2.2955,1.7788,23.7990
2024-05-09,3.5600,4.0521,2.3186,1.7476,25.4003
2024-05-10,3.6000,4.2133,2.3122,1.8222,19.2711
2024-05-13,3.6700,4.1365,2.2900,1.8063,21.1485
2024-05-14,3.6500,4.1581,2.2938,1.8128,20.3755
2024-05-15,3.6800,4.1257,2.3020,1.7922,22.7499
2024-05-16,3.7400,4.0521,2.3147,1.7506,25.2899
2024-05-17,3.8100,3.9810,2.3077,1.7251,26.7256
2024-05-20,3.7800,4.0111,2.3105,1.7360,26.1734
2024-05-21,3.8700,3.9220,2.3141,1.6948,27.9956
2024-05-22,3.9300,3.8554,2.3123,1.6673,30.3700
2024-05-23,3.9300,3.8554,2.3063,1.6717,29.5417
2024-05-24,3.9400,3.8460,2.3134,1.6625,31.3087
2024-05-27,3.9500,3.8367,2.3084,1.6621,31.4191
2024-05-28,3.9100,3.8836,2.2994,1.6890,28.5478
2024-05-29,3.9100,3.8836,2.2776,1.7051,27.3330
2024-05-30,3.9200,3.8742,2.2826,1.6973,27.7195
2024-05-31,3.9500,3.8367,2.2926,1.6735,29.3760
2024-06-03,3.8300,3.9611,2.2853,1.7333,26.3943
2024-06-04,3.8200,3.9710,2.2854,1.7376,26.0629
2024-06-05,3.7100,4.0938,2.2808,1.7949,22.3081
2024-06-06,3.7100,4.0938,2.2828,1.7933,22.5842
2024-06-07,3.7400,4.0521,2.2833,1.7747,24.1303
2024-06-11,3.6800,4.1257,2.2791,1.8102,20.6516
2024-06-12,3.6600,4.1473,2.2760,1.8222,19.3263
2024-06-13,3.6100,4.2021,2.2678,1.8529,15.5163
2024-06-14,3.6500,4.1581,2.2558,1.8433,16.6207
2024-06-17,3.6000,4.2133,2.2609,1.8635,14.1358
2024-06-18,3.6200,4.1910,2.2537,1.8596,14.5224
2024-06-19,3.6200,4.1910,2.2429,1.8686,13.5837
2024-06-20,3.5600,4.2585,2.2445,1.8973,11.7062
2024-06-21,3.5400,4.2814,2.2571,1.8969,11.8167
2024-06-24,3.4800,4.3638,2.2451,1.9437,10.1601
2024-06-25,3.5100,4.3163,2.2350,1.9312,10.7123
2024-06-26,3.5300,4.2930,2.2225,1.9316,10.6019
2024-06-27,3.5400,4.2814,2.2081,1.9390,10.2706
2024-06-28,3.6000,4.2133,2.2058,1.9101,11.1541
2024-07-01,3.6500,4.1581,2.2486,1.8492,15.7924
2024-07-02,3.7000,4.0938,2.2369,1.8301,18.1668
2024-07-03,3.6900,4.1150,2.2426,1.8349,17.8355
2024-07-04,3.6200,4.1910,2.2502,1.8625,14.3015
2024-07-05,3.5400,4.2814,2.2754,1.8816,12.4793
2024-07-08,3.5100,4.3163,2.2904,1.8845,12.3689
2024-07-09,3.6100,4.2021,2.2698,1.8513,15.6267
2024-07-10,3.5700,4.2471,2.2707,1.8704,13.4180
2024-07-11,3.5600,4.2585,2.2648,1.8803,12.5345
2024-07-12,3.6100,4.2021,2.2604,1.8590,14.7432
2024-07-15,3.6500,4.1581,2.2541,1.8447,16.3446
2024-07-16,3.6000,4.2133,2.2613,1.8632,14.2463
2024-07-17,3.6100,4.2021,2.2598,1.8595,14.5776
2024-07-18,3.6200,4.1910,2.2673,1.8485,15.8476
2024-07-19,3.6200,4.1910,2.2614,1.8533,15.4611
2024-07-22,3.5600,4.2585,2.2461,1.8960,11.9271
2024-07-23,3.5800,4.2358,2.2322,1.8976,11.6510
2024-07-24,3.6000,4.2133,2.2381,1.8825,12.4241
2024-07-25,3.5600,4.2585,2.2168,1.9210,10.8780
2024-07-26,3.5200,4.3046,2.1944,1.9616,9.6632
2024-07-29,3.5700,4.2471,2.1574,1.9686,9.4423
2024-07-30,3.5600,4.2585,2.1480,1.9825,8.7797
2024-07-31,3.6200,4.1910,2.1494,1.9498,10.0497
2024-08-01,3.6000,4.2133,2.1297,1.9784,8.8901
2024-08-02,3.6000,4.2133,2.1277,1.9802,8.8349
2024-08-05,3.5600,4.2585,2.1376,1.9922,8.2275
2024-08-06,3.5200,4.3046,2.1491,2.0030,8.1171
2024-08-07,3.5100,4.3163,2.1414,2.0156,7.8410
2024-08-08,3.5000,4.3281,2.1810,1.9845,8.5588
2024-08-09,3.4900,4.3399,2.1986,1.9739,9.0558
2024-08-12,3.4700,4.3758,2.2508,1.9441,10.1049
2024-08-13,3.4800,4.3518,2.2255,1.9554,9.8840
2024-08-14,3.4800,4.3638,2.1966,1.9866,8.4484
2024-08-15,3.5000,4.3281,2.2050,1.9629,9.6080
2024-08-16,3.5200,4.3046,2.1978,1.9586,9.7736
2024-08-19,3.6000,4.2133,2.1816,1.9313,10.6571
2024-08-20,3.5800,4.2358,2.1710,1.9511,9.9393
2024-08-21,3.5200,4.3046,2.1670,1.9864,8.5036
2024-08-22,3.5700,4.2471,2.1582,1.9679,9.4975
2024-08-23,3.5600,4.2585,2.1547,1.9764,8.9453
2024-08-26,3.6200,4.1910,2.1628,1.9378,10.3810
2024-08-27,3.6200,4.1910,2.1903,1.9134,11.0436
2024-08-28,3.5700,4.2471,2.1673,1.9596,9.7184
2024-08-29,3.5100,4.3163,2.1703,1.9888,8.3932
2024-08-30,3.5200,4.3046,2.1704,1.9833,8.7245
2024-09-02,3.5100,4.3163,2.1457,2.0116,7.8962
2024-09-03,3.4700,4.3758,2.1432,2.0417,7.7305
2024-09-04,3.4600,4.3879,2.1336,2.0566,7.6201
2024-09-05,3.4600,4.3879,2.1338,2.0564,7.6753
2024-09-06,3.4400,4.4122,2.1388,2.0629,7.5649
2024-09-09,3.3600,4.5125,2.1267,2.1218,7.1231
2024-09-10,3.3600,4.5125,2.1143,2.1343,7.0679
2024-09-11,3.3000,4.5908,2.1044,2.1815,6.6262
2024-09-12,3.3100,4.5775,2.0998,2.1800,6.6814
2024-09-13,3.2800,4.6175,2.0724,2.2281,6.4053
2024-09-18,3.2700,4.6445,2.0403,2.2764,6.2396
2024-09-19,3.3000,4.5908,2.0450,2.2449,6.3501
2024-09-20,3.2900,4.6041,2.0431,2.2535,6.2949
2024-09-23,3.3400,4.5383,2.0381,2.2267,6.4605
2024-09-24,3.4800,4.3638,2.0728,2.1053,7.2888
2024-09-25,3.5600,4.2585,2.0437,2.0837,7.3992
2024-09-26,3.7700,4.0213,2.0787,1.9345,10.4914
2024-09-27,3.7900,4.0010,2.1714,1.8426,16.7863
2024-09-30,4.0900,3.7112,2.1518,1.7247,26.7808
2024-10-08,4.2300,3.5856,2.1928,1.6352,34.5113
2024-10-09,3.8300,3.9611,2.1760,1.8204,19.6024
2024-10-10,3.9600,3.8275,2.1441,1.7851,23.4125
2024-10-11,3.8800,3.9123,2.1392,1.8289,18.3876
2024-10-14,4.0100,3.7819,2.1368,1.7699,24.4616
2024-10-15,3.9100,3.8742,2.1254,1.8228,19.1607
2024-10-16,4.0300,3.7640,2.1331,1.7646,24.6825
2024-10-17,3.9500,3.8367,2.1084,1.8197,19.7681
2024-10-18,4.0000,3.7909,2.1209,1.7874,23.1364
2024-10-21,3.9700,3.8183,2.1211,1.8002,21.7007
2024-10-22,3.9500,3.8367,2.1458,1.7880,23.0260
2024-10-23,3.9600,3.8275,2.1559,1.7754,24.0199
2024-10-24,3.9500,3.8367,2.1661,1.7712,24.3512
2024-10-25,3.9400,3.8460,2.1539,1.7856,23.3020
2024-10-28,3.9500,3.8367,2.1617,1.7749,24.0751
2024-10-29,3.9000,3.8932,2.1598,1.8026,21.4798
2024-10-30,3.8300,3.9611,2.1597,1.8341,17.8907
2024-10-31,3.8400,3.9513,2.1476,1.8399,17.1728
2024-11-01,3.8300,3.9611,2.1406,1.8505,15.7372
2024-11-04,3.8600,3.9317,2.1275,1.8480,15.9580
2024-11-05,3.9300,3.8554,2.1106,1.8267,18.7189
2024-11-06,3.9000,3.8836,2.1234,1.8290,18.3324
2024-11-07,4.0400,3.7551,2.1115,1.7784,23.8542
2024-11-08,3.9800,3.8091,2.1067,1.8081,20.8724
2024-11-11,3.9500,3.8367,2.0920,1.8340,17.9459
2024-11-12,3.9200,3.8647,2.0729,1.8644,13.9702
2024-11-13,3.9500,3.8367,2.0876,1.8379,17.5041
2024-11-14,3.9400,3.8460,2.0808,1.8483,15.9028
2024-11-15,3.9300,3.8554,2.0948,1.8405,17.0072
2024-11-18,4.0300,3.7640,2.1117,1.7825,23.6886
2024-11-19,4.0900,3.7112,2.0947,1.7717,24.2960
2024-11-20,4.0600,3.7374,2.1025,1.7776,23.9094
2024-11-21,4.0600,3.7374,2.0843,1.7931,22.6394
2024-11-22,3.9100,3.8742,2.0832,1.8597,14.4671
2024-11-25,3.9000,3.8836,2.0682,1.8778,12.8106
2024-11-26,3.9200,3.8647,2.0657,1.8709,13.2523
2024-11-27,3.9800,3.8091,2.0553,1.8533,15.3506
2024-11-28,3.9600,3.8275,2.0304,1.8851,12.2584
2024-11-29,4.0100,3.7819,2.0206,1.8717,13.1971
2024-12-02,4.0100,3.7819,1.9810,1.9091,11.2093
2024-12-03,4.0600,3.7374,1.9886,1.8794,12.7002
2024-12-04,4.0400,3.7551,1.9612,1.9147,10.9332
2024-12-05,4.0200,3.7729,1.9462,1.9386,10.3258
2024-12-06,4.0900,3.7112,1.9539,1.8994,11.4854
2024-12-09,4.1000,3.7026,1.9168,1.9317,10.5467
2024-12-10,4.1200,3.6769,1.8468,1.9910,8.3379
2024-12-11,4.1500,3.6515,1.8218,2.0043,8.0618
2024-12-12,4.2300,3.5856,1.8172,1.9731,9.2214
2024-12-13,4.1200,3.6769,1.7771,2.0690,7.5097
2024-12-16,4.1600,3.6431,1.7215,2.1162,7.1784
2024-12-17,4.1100,3.6940,1.7237,2.1431,6.9023
2024-12-18,4.1500,3.6515,1.7564,2.0790,7.4544
2024-12-19,4.0700,3.7287,1.7417,2.1408,7.0127
2024-12-20,4.0300,3.7640,1.7018,2.2118,6.5157
2024-12-23,4.0400,3.7551,1.7019,2.2064,6.5710
2024-12-24,4.1000,3.7026,1.7166,2.1569,6.7918
2024-12-25,4.1300,3.6684,1.7365,2.1125,7.2336
2024-12-26,4.1300,3.6684,1.7122,2.1425,6.9575
2024-12-27,4.1700,3.6348,1.6929,2.1471,6.8470
2024-12-30,4.2400,3.5775,1.7128,2.0887,7.3440
2024-12-31,4.1500,3.6515,1.6752,2.1797,6.7366
2025-01-02,4.0200,4.5131,1.6077,2.8072,0.3313
2025-01-03,3.9900,4.5455,1.6041,2.8337,0.1104
2025-01-06,4.0500,4.4811,1.5966,2.8067,0.3865
2025-01-07,4.0400,4.4917,1.6093,2.7911,0.6626
2025-01-08,4.0400,4.4917,1.6069,2.7953,0.5522
2025-01-09,3.9900,4.5455,1.6368,2.7771,0.7731
2025-01-10,3.9300,4.6117,1.6338,2.8227,0.1657
2025-01-13,3.8800,4.6798,1.6592,2.8205,0.2209
2025-01-14,3.9400,4.6005,1.6446,2.7973,0.4417
2025-01-15,3.9700,4.5673,1.6330,2.7969,0.4970
2025-01-16,4.1100,4.4186,1.6394,2.6953,1.6565
2025-01-17,4.1100,4.4186,1.6593,2.6629,2.3744
2025-01-20,4.1100,4.4084,1.6747,2.6324,2.8713
2025-01-21,4.0900,4.4393,1.6496,2.6911,1.7118
2025-01-22,3.9800,4.5564,1.6602,2.7445,1.1044
2025-01-23,4.0800,4.4496,1.6645,2.6732,2.1535
2025-01-24,4.0900,4.4393,1.6565,2.6799,1.9879
2025-01-27,4.1500,4.3678,1.6299,2.6798,2.0431
2025-02-05,4.0800,4.4496,1.6207,2.7455,0.9939
2025-02-06,4.0900,4.4393,1.5958,2.7819,0.7178
2025-02-07,4.1100,4.4084,1.6032,2.7498,0.9387
2025-02-10,4.0800,4.4496,1.6342,2.7228,1.3252
2025-02-11,4.1300,4.3880,1.6274,2.6963,1.6013
2025-02-12,4.1100,4.4084,1.6336,2.6986,1.5461
2025-02-13,4.1000,4.4289,1.6346,2.7095,1.4357
2025-02-14,4.0800,4.4496,1.6546,2.6892,1.7670
2025-02-17,4.0500,4.4811,1.6934,2.6462,2.7609
2025-02-18,4.1100,4.4084,1.7006,2.5923,3.3683
2025-02-19,4.0700,4.4601,1.6626,2.6826,1.9326
2025-02-20,4.0600,4.4706,1.6850,2.6532,2.5400
2025-02-21,4.0200,4.5131,1.7200,2.6239,3.0922
2025-02-24,4.0100,4.5238,1.7625,2.5667,3.8100
2025-02-25,3.9600,4.5783,1.7275,2.6502,2.5953
2025-02-26,4.0000,4.5346,1.7251,2.6286,3.0370
2025-02-27,4.0100,4.5238,1.7576,2.5739,3.7548
2025-02-28,3.9600,4.5783,1.7152,2.6693,2.3192
2025-03-03,3.9500,4.5894,1.6955,2.7068,1.4909
2025-03-04,3.9500,4.5894,1.7079,2.6872,1.8774
2025-03-05,3.9900,4.5455,1.7083,2.6608,2.4296
2025-03-06,3.9700,4.5673,1.7455,2.6166,3.2027
2025-03-07,3.9500,4.5894,1.8002,2.5494,3.9205
2025-03-10,3.9200,4.6229,1.8128,2.5501,3.8653
2025-03-11,3.9300,4.6117,1.8853,2.4461,5.1353
2025-03-12,3.9500,4.5894,1.8334,2.5032,4.0861
2025-03-13,3.9500,4.5894,1.8565,2.4721,4.7488
2025-03-14,3.9900,4.5455,1.8317,2.4816,4.4727
2025-03-17,4.0100,4.5238,1.8957,2.3863,5.8531
2025-03-18,4.0000,4.5346,1.8885,2.4012,5.6875
2025-03-19,4.0400,4.4917,1.8708,2.4010,5.7427
2025-03-20,4.0400,4.4917,1.8309,2.4533,5.0801
2025-03-21,4.0200,4.5131,1.8458,2.4451,5.1905
2025-03-24,4.0700,4.4601,1.8413,2.4223,5.5770
2025-03-25,4.0900,4.4393,1.8183,2.4415,5.2457
2025-03-26,4.0500,4.4811,1.7943,2.4974,4.1966
2025-03-27,4.0600,4.4706,1.8062,2.4751,4.6383
2025-03-28,4.0400,4.4917,1.8126,2.4780,4.5279
2025-03-31,4.2500,4.2697,1.8129,2.3552,6.0740
2025-04-01,4.2100,4.3084,1.8104,2.3798,5.9083
2025-04-02,4.3200,4.2035,1.7887,2.3500,6.1292
2025-04-03,4.3300,4.1943,1.7180,2.4414,5.3009
2025-04-07,3.9800,4.5564,1.6318,2.7923,0.6074
2025-04-08,4.0600,4.4706,1.6633,2.6878,1.8222
2025-04-09,4.0200,4.5131,1.6508,2.7339,1.2148
2025-04-10,4.0200,4.5131,1.6444,2.7445,1.0491
2025-04-11,3.9900,4.5455,1.6568,2.7435,1.1596
2025-04-14,4.0200,4.5131,1.6584,2.7214,1.3805
2025-04-15,4.0900,4.4393,1.6583,2.6770,2.0983
2025-04-16,4.1300,4.3880,1.6430,2.6707,2.2087
2025-04-17,4.1300,4.3880,1.6522,2.6559,2.4848
2025-04-18,4.1800,4.3379,1.6493,2.6301,2.9266
2025-04-21,4.1100,4.4084,1.6664,2.6455,2.8161
2025-04-22,4.1100,4.4084,1.6509,2.6703,2.2639
2025-04-23,4.1200,4.3981,1.6611,2.6477,2.6505
2025-04-24,4.1600,4.3578,1.6640,2.6189,3.1474
2025-04-25,4.2300,4.2889,1.6606,2.5827,3.6444
2025-04-28,4.2500,4.2697,1.6483,2.5904,3.4787
2025-04-29,4.2200,4.2986,1.6241,2.6468,2.7057
2025-04-30,4.1500,4.5783,1.6243,2.8186,0.2761
2025-05-06,4.1100,4.6229,1.6298,2.8365,0.0552
2025-05-07,4.1700,4.5564,1.6418,2.7752,0.8283
2025-05-08,4.2200,4.5024,1.6331,2.7570,0.8835
2025-05-09,4.2600,4.4601,1.6351,2.7277,1.2700
2025-05-12,4.2800,4.4393,1.6880,2.6299,2.9818
2025-05-13,4.3500,4.3678,1.6704,2.6148,3.2579
2025-05-14,4.4100,4.3084,1.6736,2.5743,3.6996
2025-05-15,4.3700,4.3478,1.6798,2.5883,3.5340
2025-05-16,4.3300,4.3880,1.6793,2.6130,3.3131
2025-05-19,4.3400,4.3779,1.6893,2.5915,3.4235
2025-05-20,4.3200,4.3981,1.7004,2.5865,3.5892
2025-05-21,4.3900,4.3280,1.7100,2.5310,3.9757
2025-05-22,4.4400,4.2793,1.7186,2.4900,4.3622
2025-05-23,4.4100,4.3084,1.7208,2.5037,4.0309
2025-05-26,4.4200,4.2986,1.7201,2.4990,4.1414
2025-05-27,4.4700,4.2506,1.7261,2.4625,4.9144
2025-05-28,4.5200,4.2035,1.6832,2.4973,4.2518
2025-05-29,4.5100,4.2129,1.6877,2.4962,4.3070
2025-05-30,4.5700,4.1575,1.6712,2.4877,4.4174
2025-06-03,4.6700,4.0685,1.6764,2.4269,5.5218
2025-06-04,4.7200,4.0254,1.6704,2.4098,5.6322
2025-06-05,4.6000,4.1304,1.6741,2.4672,4.8592
2025-06-06,4.6400,4.0948,1.6547,2.4746,4.6935
2025-06-09,4.6500,4.0860,1.6559,2.4675,4.8040
2025-06-10,4.6700,4.0685,1.6569,2.4555,5.0248
2025-06-11,4.6700,4.0685,1.6420,2.4778,4.5831
2025-06-12,4.7500,4.0000,1.6475,2.4279,5.4666
2025-06-13,4.7000,4.0426,1.6440,2.4590,4.9696
2025-06-16,4.7400,4.0084,1.6432,2.4394,5.3562
2025-06-17,4.7600,3.9916,1.6364,2.4393,5.4114
2025-06-18,4.8300,3.9337,1.6384,2.4009,5.7979
2025-06-19,4.8800,3.8934,1.6425,2.3704,5.9636
2025-06-20,4.9200,3.8618,1.6396,2.3553,6.0188
2025-06-23,4.9600,3.8306,1.6418,2.3332,6.1844
